45788,Neeya Naana - 27/04/2025,Why village women don't prefer village men,Date,Weight,Nutrition,Exercise,Sleep,Hygiene,Food,Gacha Ticket,26,Unnamed: 2,Gwynn E0,2323,66484,Concerto 80 +10,Eternal Retribution 80 +10,Unnamed: 8,18-18-18-5-3,Healing Planetismal VE 80 +10,Healing Conjuction VE 80 +10,Courageous Planetesimal VE 80 +10,Rampaging Planetesimal VC 80 +10,Routine,Video Game,Unnamed: 3,Sex,Count,Unnamed: 5,Unnamed: 6,Unnamed: 7,Reach 22 BMI,Keto,Unnamed: 4,Chushingura,Eternal Retribution,Abundant Planetesimal,Binging Planetesimal,Courageous Planetesimal,Rampaging Planetesimal,Wellness,Hydration,Bhakti,Relationship,Shop,Item,Price,Water(lts),Eating Window,Fast,Feeding Window,BAN,Unnamed: 1,45872,Imperial Navy Slicer,10970000,132.1 DPS,Comics,Chapter
45789.0,Neeya Naana - 04/05/2025,Going to verge of divorce and restarting relationship,,,,,,,,,,,,,,,,,,,,,,,,,,,,,,,,,,,,,,,,,,,,,,,,,,,,,,,,,
45793.0,Neeya Naana - 08/03/2020,Arranged marriage in city vs love marriage in village,,,,,,,,,,,,,,,,,,,,,,,,,,,,,,,,,,,,,,,,,,,,,,,,,,,,,,,,,
,,,45909.0,,Cod Liver Oil,60 Bicep Curls,,,,,,,,,,,,,,,,,,,,,,,,,,,,,,,,,,,,,,,,,,,,,,,,,,,,,
,,,,,Black Coffee,60 Shoulder Press,,,,,,,,,,,,,,,,,,,,,,,,,,,,,,,,,,,,,,,,,,,,,,,,,,,,,
,,,,,,60 Lateral Raises,,,,,,,,,,,,,,,,,,,,,,,,,,,,,,,,,,,,,,,,,,,,,,,,,,,,,
,,,,,,60 Single Arm Row,,,,,,,,,,,,,,,,,,,,,,,,,,,,,,,,,,,,,,,,,,,,,,,,,,,,,
,,,,,,60 Kettle Twists,,,,,,,,,,,,,,,,,,,,,,,,,,,,,,,,,,,,,,,,,,,,,,,,,,,,,
,,,,,,60 Kettle Swings,,,,,,,,,,,,,,,,,,,,,,,,,,,,,,,,,,,,,,,,,,,,,,,,,,,,,
,,,45900.0,131.0,Electrolyte Drink,100 Bicep Curls,08:30:00,Bath,,,,,,,,,,,,,,,,,,,,,,,,,,,,,,,,,,,,,,,,,,,,,,,,,,,
,,,,,Cod Liver Oil,100 Shoulder Press,,,,,,,,,,,,,,,,,,,,,,,,,,,,,,,,,,,,,,,,,,,,,,,,,,,,,
,,,,,Black Coffee,60 Lateral Raises,,,,,,,,,,,,,,,,,,,,,,,,,,,,,,,,,,,,,,,,,,,,,,,,,,,,,
,,,,,60 Almonds,60 Single Arm Row,,,,,,,,,,,,,,,,,,,,,,,,,,,,,,,,,,,,,,,,,,,,,,,,,,,,,
,,,45948,129.4,Electrolyte Drink,,11:00:00,,,,,,,,,,,,,,,,,,,,,,,,,,,,,,,,,,,,,,,,,,,,,,,,,,,,
,,,45949.0,129.4,,60 Bicep Curls,10:00:00,Brush,3 Electrolyte Drink,,,,,,,,,,,,,,,,,,,,,,,,,,,,,,,,,,,,,,,,,,,,,,,,,,
,,,,,,60 Shoulder Press,22:30:00,Bath,2 Black Coffee,,,,,,,,,,,,,,,,,,,,,,,,,,,,,,,,,,,,,,,,,,,,,,,,,,
,,,,,,60 Lateral Raises,,,Cod Liver Oil,,,,,,,,,,,,,,,,,,,,,,,,,,,,,,,,,,,,,,,,,,,,,,,,,,
,,,,,,60 Single Arm Row,,,60 Almonds,,,,,,,,,,,,,,,,,,,,,,,,,,,,,,,,,,,,,,,,,,,,,,,,,,
,,,,,,60 Kettle Twists,,,Spinach,,,,,,,,,,,,,,,,,,,,,,,,,,,,,,,,,,,,,,,,,,,,,,,,,,
,,,,,,60 Kettle Swings,,,Chicken Biryani,,,,,,,,,,,,,,,,,,,,,,,,,,,,,,,,,,,,,,,,,,,,,,,,,,
,,,,,,10000 steps,,,Yogurt,,,,,,,,,,,,,,,,,,,,,,,,,,,,,,,,,,,,,,,,,,,,,,,,,,
,,,45950.0,129.2,,60 Bicep Curls,,,2 Electrolyte Drink,,,,,,,,,,,,,,,,,,,,,,,,,,,,,,,,,,,,,,,,,,,,,,,,,,
,,,,,,60 Shoulder Press,,,Black Coffee,,,,,,,,,,,,,,,,,,,,,,,,,,,,,,,,,,,,,,,,,,,,,,,,,,
,,,,,,,,,40 Almonds,,,,,,,,,,,,,,,,,,,,,,,,,,,,,,,,,,,,,,,,,,,,,,,,,,
,,,,,,20 Kettle Twists,,,Chicken Biryani,,,,,,,,,,,,,,,,,,,,,,,,,,,,,,,,,,,,,,,,,,,,,,,,,,
,,,45893.0,129.6,Black Coffee,100 Bicep Curls,08:25:00,Brush,,,,,,,,,,,,,,,,,,,,,,,,,,,,,,,,,,,,,,,,,,,,,,,,,,,
,,,,,2 Electrolyte Drink,100 Shoulder Press,,Bath,,,,,,,,,,,,,,,,,,,,,,,,,,,,,,,,,,,,,,,,,,,,,,,,,,,
,,,,,Cod Liver Oil,60 Lateral Raises,,,,,,,,,,,,,,,,,,,,,,,,,,,,,,,,,,,,,,,,,,,,,,,,,,,,,
,,,,,30 Almonds,,,,,,,,,,,,,,,,,,,,,,,,,,,,,,,,,,,,,,,,,,,,,,,,,,,,,,
,,,45890.0,132.6,2 Black Coffee,100 Bicep Curls,07:45:00,Brush,,,,,,,,,,,,,,,,,,,,,,,,,,,,,,,,,,,,,,,,,,,,,,,,,,,
,,,,,25 Almonds,60 Single Arm Row,,,,,,,,,,,,,,,,,,,,,,,,,,,,,,,,,,,,,,,,,,,,,,,,,,,,,
,,,,,Spinach,60 Kettle Twists,,,,,,,,,,,,,,,,,,,,,,,,,,,,,,,,,,,,,,,,,,,,,,,,,,,,,
,,,,,Chicken Gravy,60 Kettle Swings,,,,,,,,,,,,,,,,,,,,,,,,,,,,,,,,,,,,,,,,,,,,,,,,,,,,,
,,,,,Potato Cutlet,,,,,,,,,,,,,,,,,,,,,,,,,,,,,,,,,,,,,,,,,,,,,,,,,,,,,,
,,,,,7up zero,,,,,,,,,,,,,,,,,,,,,,,,,,,,,,,,,,,,,,,,,,,,,,,,,,,,,,
,,,,,Vitamin water,,,,,,,,,,,,,,,,,,,,,,,,,,,,,,,,,,,,,,,,,,,,,,,,,,,,,,
,,,,,2 Veggie Protein Crunch,,,,,,,,,,,,,,,,,,,,,,,,,,,,,,,,,,,,,,,,,,,,,,,,,,,,,,
,,,,,Kulfi,,,,,,,,,,,,,,,,,,,,,,,,,,,,,,,,,,,,,,,,,,,,,,,,,,,,,,
,,,45921.0,,Electrolyte Drink,60,,,,,,,,,,,,,,,,,,,,,,,,,,,,,,,,,,,,,,,,,,,,,,,,,,,,,
,,,,,Black Coffee,60,,,,,,,,,,,,,,,,,,,,,,,,,,,,,,,,,,,,,,,,,,,,,,,,,,,,,
,,,45942.0,128.8,Electrolyte Drink,60 Bicep Curls,09:00:00,,,,,,,,,,,,,,,,,,,,,,,,,,,,,,,,,,,,,,,,,,,,,,,,,,,,
,,,,,Cod Liver Oil,20 Lateral Raises,,,,,,,,,,,,,,,,,,,,,,,,,,,,,,,,,,,,,,,,,,,,,,,,,,,,,
,,,,,2 Actimel,,,,,,,,,,,,,,,,,,,,,,,,,,,,,,,,,,,,,,,,,,,,,,,,,,,,,,
,,,45901.0,132.0,2 Black Coffee,60 Bicep Curls,08:30:00,,,,,,,,,,,,,,,,,,,,,,,,,,,,,,,,,,,,,,,,,,,,,,,,,,,,
,,,,,3 Electrolyte Drink,60 Shoulder Press,22:30:00,,,,,,,,,,,,,,,,,,,,,,,,,,,,,,,,,,,,,,,,,,,,,,,,,,,,
,,,,,Cod Liver Oil,60 Single Arm Row,,,,,,,,,,,,,,,,,,,,,,,,,,,,,,,,,,,,,,,,,,,,,,,,,,,,,
,,,,,Spinach,60 Lateral Raises,,,,,,,,,,,,,,,,,,,,,,,,,,,,,,,,,,,,,,,,,,,,,,,,,,,,,
,,,,,80 Almonds,60 Kettle Twists,,,,,,,,,,,,,,,,,,,,,,,,,,,,,,,,,,,,,,,,,,,,,,,,,,,,,
,,,,,Chicken Achar Gohst,60 Kettle Swings,,,,,,,,,,,,,,,,,,,,,,,,,,,,,,,,,,,,,,,,,,,,,,,,,,,,,
,,,,,,10000 steps,,,,,,,,,,,,,,,,,,,,,,,,,,,,,,,,,,,,,,,,,,,,,,,,,,,,,
,,,45902.0,131.2,2 Black Coffee,60 Bicep Curls,09:30:00,,,,,,,,,,,,,,,,,,,,,,,,,,,,,,,,,,,,,,,,,,,,,,,,,,,,
,,,,,3 Electrolyte Drink,60 Shoulder Press,22:00:00,,,,,,,,,,,,,,,,,,,,,,,,,,,,,,,,,,,,,,,,,,,,,,,,,,,,
,,,,,50 Almonds,60 Kettle Twists,,,,,,,,,,,,,,,,,,,,,,,,,,,,,,,,,,,,,,,,,,,,,,,,,,,,,
,,,,,Radish Paratha,10000 steps,,,,,,,,,,,,,,,,,,,,,,,,,,,,,,,,,,,,,,,,,,,,,,,,,,,,,
,,,45903.0,130.0,2 Black Coffee,60 Bicep Curls,08:00:00,,,,,,,,,,,,,,,,,,,,,,,,,,,,,,,,,,,,,,,,,,,,,,,,,,,,
,,,,,3 Electrolyte Drink,60 Shoulder Press,23:00:00,,,,,,,,,,,,,,,,,,,,,,,,,,,,,,,,,,,,,,,,,,,,,,,,,,,,
,,,45904.0,128.6,2 Black Coffee,60 Bicep Curls,07:30:00,,,,,,,,,,,,,,,,,,,,,,,,,,,,,,,,,,,,,,,,,,,,,,,,,,,,
,,,,,3 Electrolyte Drink,60 Shoulder Press,,,,,,,,,,,,,,,,,,,,,,,,,,,,,,,,,,,,,,,,,,,,,,,,,,,,,
,,,,,30 Almonds,60 Kettle Twists,,,,,,,,,,,,,,,,,,,,,,,,,,,,,,,,,,,,,,,,,,,,,,,,,,,,,
,,,,,Rice,,,,,,,,,,,,,,,,,,,,,,,,,,,,,,,,,,,,,,,,,,,,,,,,,,,,,,
,,,45905.0,131.6,2 Black Coffee,60 Bicep Curls,,,,,,,,,,,,,,,,,,,,,,,,,,,,,,,,,,,,,,,,,,,,,,,,,,,,,
,,,,,60 Almonds,60 Kettle Twists,,,,,,,,,,,,,,,,,,,,,,,,,,,,,,,,,,,,,,,,,,,,,,,,,,,,,
,,,,,Chicken Karahi,60 Kettle Swings,,,,,,,,,,,,,,,,,,,,,,,,,,,,,,,,,,,,,,,,,,,,,,,,,,,,,
,,,,,,6000 Steps,,,,,,,,,,,,,,,,,,,,,,,,,,,,,,,,,,,,,,,,,,,,,,,,,,,,,
,,,45906.0,131.0,2 Black Coffee,60 Bicep Curls,,,,,,,,,,,,,,,,,,,,,,,,,,,,,,,,,,,,,,,,,,,,,,,,,,,,,
,,,,,Spinach,40 Shoulder Press,,,,,,,,,,,,,,,,,,,,,,,,,,,,,,,,,,,,,,,,,,,,,,,,,,,,,
,,,,,3 almonds,6000 steps,,,,,,,,,,,,,,,,,,,,,,,,,,,,,,,,,,,,,,,,,,,,,,,,,,,,,
,,,,,Chicken Karahi,,,,,,,,,,,,,,,,,,,,,,,,,,,,,,,,,,,,,,,,,,,,,,,,,,,,,,
,,,45907.0,130.0,2 Black Coffee,60 Bicep Curls,07:00:00,,,,,,,,,,,,,,,,,,,,,,,,,,,,,,,,,,,,,,,,,,,,,,,,,,,,
,,,,,2 Electrolyte Drink,60 Shoulder Press,,,,,,,,,,,,,,,,,,,,,,,,,,,,,,,,,,,,,,,,,,,,,,,,,,,,,
,,,45986,,Electrolyte Drink,20 Lateral Raises,,,,,,,,,,,,,,,,,,,,,,,,,,,,,,,,,,,,,,,,,,,,,,,,,,,,,
,,,45925.0,128.6,2 Electrolyte Drink,60 Bicep Curls,,,,,,,,,,,,,,,,,,,,,,,,,,,,,,,,,,,,,,,,,,,,,,,,,,,,,
,,,,,2 Black Coffee,60 Shoulder Press,,,,,,,,,,,,,,,,,,,,,,,,,,,,,,,,,,,,,,,,,,,,,,,,,,,,,
,,,,,20 Almonds,60 Single Arm Row,,,,,,,,,,,,,,,,,,,,,,,,,,,,,,,,,,,,,,,,,,,,,,,,,,,,,
,,,,,Sindhi Chicken Biryani,60 Kettle Twists,,,,,,,,,,,,,,,,,,,,,,,,,,,,,,,,,,,,,,,,,,,,,,,,,,,,,
,,,,,Vitamin Water Drink,60 Kettle Swings,,,,,,,,,,,,,,,,,,,,,,,,,,,,,,,,,,,,,,,,,,,,,,,,,,,,,
,,,,,Protein Veggie Crunch,,,,,,,,,,,,,,,,,,,,,,,,,,,,,,,,,,,,,,,,,,,,,,,,,,,,,,
,,,,,Club Tropical,,,,,,,,,,,,,,,,,,,,,,,,,,,,,,,,,,,,,,,,,,,,,,,,,,,,,,
,,,,,Protein Bar,,,,,,,,,,,,,,,,,,,,,,,,,,,,,,,,,,,,,,,,,,,,,,,,,,,,,,
,,,,,,,,,,Mobius Cluster,1,,,,,1-0,Disturbance,Disturbance E +9,,2660,2670,2720,2670,,,,,,,,,,,,,,,,,,,,,,,,,,,,,,,,,,,,
,,,,,,,,,,Superposed Photon,3,,,,,,Line Formation,Line Formation E +10,,Recovery Boost 78,Melee Damage Resistance 82,Arc Boost 80,Damage Bonus Boost 72,,,,,,,,,,,,,,,,,,,,,,,,,,,,,,,,,,,,
,,,,,,,,,,Exotic Weapon Core,4,,,,,,Karmic Reward,Dismemberment E +7,,Defense Boost 88,Shield Boost 198,Super Boost 204,Void Boost 86,,,,,,,,,,,,,,,,,,,,,,,,,,,,,,,,,,,,
,,,,,,,,,,Exotic Weapon Shard,3,,,,,,,,,Elemental Resistance 202,Health Boost 98,Weapon Enhancement 102,Super Boost 204,,,,,,,,,,,,,,,,,,,,,,,,,,,,,,,,,,,,
,,,,,,,,,,Artifactual Essence,10,,,,,,,,,Shield Boost 198,Elemental Resistance 202,Ability Strength 104,Signature Boost 110,,,,,,,,,,,,,,,,,,,,,,,,,,,,,,,,,,,,
,,,,,,,,,,Incandescence Cluster,6,,,,,,,,,,,,,,,,,,,,,,,,,,,,,,,,,,,,,,,,,,,,,,,,
,,,,,,,,,,Metastable Core,3,,Ning Fei E1,0.07,,,,,,,,,,,,,,,,,,,,,,,,,,,,,,,,,,,,,,,,,,,,,
,,,,,,,,,,Black Market Coin,980,,,,,,,,,,,,,,,,,,,,,,,,,,,,,,,,,,,,,,,,,,,,,,,,
,,,,,,,,,,Fortuna Dust,1630,,,,,,,,,,,,,,,,,,,,,,,,,,,,,,,,,,,,,,,,,,,,,,,,
,,,,,,,,,,Contextual Dataset,32,,,,,,,,,,,,,,,,,,,,,,,,,,,,,,,,,,,,,,,,,,,,,,,,
,,,,,,,,,,Ascension Cell,72,,,,,,,,,,,,,,,,,,,,,,,,,,,,,,,,,,,,,,,,,,,,,,,,
,,,,,,,,,,,,,,,,,,,,,,,,,,,,,,,,,,,,,,,,,,,,,,,,,,,,,,,,,,,
,,,,,,,,,,Shifting Gates,Researcher II,0.43,,,,,,,,,,,,,,,,,,,,,,,,,,,,,,,,,,,,,,,,,,,,,,,
,,,,,,,,,,Calamity Ops,Specialist II,995.0,,,,,,,,,,,,,,,,,,,,,,,,,,,,,,,,,,,,,,,,,,,,,,,
,,,,,,,,,,Expanse  Echoes,29,2632.0,,,,,,,,,,,,,,,,,,,,,,,,,,,,,,,,,,,,,,,,,,,,,,,
,,,,,,,,,,Expanse Eternity,,,,,,,,,,,,,,,,,,,,,,,,,,,,,,,,,,,,,,,,,,,,,,,,,
,,,,,,,,,,Morgans Prey,,293.0,,,,,,,,,,,,,,,,,,,,,,,,,,,,,,,,,,,,,,,,,,,,,,,
,,,45927.0,129.2,Electrolyte Drink,60 Bicep Curls,,,,,,,,,,,,,,,,,,Brush,,,,,,,,,,,,,,,,,,,,,,,,,,,,,,,,,,,
,,,,,Cod Liver Oil,60 Shoulder Press,,,,,,,,,,,,,,,,,,Bath,,,,,,,,,,,,,,,,,,,,,,,,,,,,,,,,,,,
,,,,,Chicken Gravy,20 Kettle Twists,,,,,,,,,,,,,,,,,,,,,,,,,,,,,,,,,,,,,,,,,,,,,,,,,,,,,
,,,45927,,,,,,,,,"Decent, liked one game. Requires too much thinking deep into future moves in order to play which makes it bit unfun as win is not easy.",,,,,,,,,,,,,Chess,,,,,,,,,,,,,,,,,,,,,,,,,,,,,,,,,,
,,,45962.0,130.0,,120 Bicep Curls,10:00:00,,,,,,,,,,,,,,,,,,,,,,,,,,,,,,,,,,,,,,,,,,,,,,,,,,,,
,,,,,,120 Shoulder Press,,,,,,,,,,,,,,,,,,,,,,,,,,,,,,,,,,,,,,,,,,,,,,,,,,,,,
,,,45877.0,129.4,2 Electrolyte Drink,,,,,,,,,,,,,,,,,,,,,100 Bicep Curls,,,,,,,,,,,,,,,,,,,,,,,,,,,,,,,,,
,,,,,75 Almonds,,,,,,,,,,,,,,,,,,,,,110,,,,,,,,,,,,,,,,,,,,,,,,,,,,,,,,,
,,,,,Black Coffee,,,,,,,,,,,,,,,,,,,,,60,,,,,,,,,,,,,,,,,,,,,,,,,,,,,,,,,
,,,45975.0,133.2,2 Electrolyte Drink,120 Bicep Curls,08:30:00,,,,,,,,,,,,,,,,,Brush,,,,,,,,,,,,,,,,,,,,,,,,,,,,,,,,,,,
,,,,,Cod Liver Oil,120 Shoulder Press,,,,,,,,,,,,,,,,,,Bath,,,,,,,,,,,,,,,,,,,,,,,,,,,,,,,,,,,
,,,,,2 Black Coffee,60 Lateral Raises,,,,,,,,,,,,,,,,,,Washed Utensils,,,,,,,,,,,,,,,,,,,,,,,,,,,,,,,,,,,
,,,,,76 Almonds,60 Single Arm Row,,,,,,,,,,,,,,,,,,,,,,,,,,,,,,,,,,,,,,,,,,,,,,,,,,,,,
,,,,,Chicken Gravy,60 Kettle Twists,,,,,,,,,,,,,,,,,,,,,,,,,,,,,,,,,,,,,,,,,,,,,,,,,,,,,
,,,,,Spinach,60 Kettle Swings,,,,,,,,,,,,,,,,,,,,,,,,,,,,,,,,,,,,,,,,,,,,,,,,,,,,,
,,,45975,,,,,,,,,,,,,,,,,,,,,,,,Masturbation,5.0,,,,,,,,,,,,,,,,,,,,,,,,,,,,,,,
,,,45966.0,,Electrolyte Drink,120 Bicep Curls,09:00:00,,,,,,,,,,,,,,,,,,,,,,,,,,,,,,,,,,,,,,,,,,,,,,,,,,,,
,,,,,,40 Single Arm Row,,,,,,,,,,,,,,,,,,,,,,,,,,,,,,,,,,,,,,,,,,,,,,,,,,,,,
,,,45899.0,130.6,Electrolyte Drink,100 Bicep Curls,09:00:00,,,,,,,,,,,,,,,,,,,,,,,,,,,,,,,,,,,,,,,,,,,,,,,,,,,,
,,,,,Black Coffee,60 Single Arm Row,,,,,,,,,,,,,,,,,,,,,,,,,,,,,,,,,,,,,,,,,,,,,,,,,,,,,
,,,,,50 Almonds,100 Kettle Twists,,,,,,,,,,,,,,,,,,,,,,,,,,,,,,,,,,,,,,,,,,,,,,,,,,,,,
,,,,,Chicken Achar Gohst,40 Kettle Swings,,,,,,,,,,,,,,,,,,,,,,,,,,,,,,,,,,,,,,,,,,,,,,,,,,,,,
,,,45947.0,129.0,Electrolyte Drink,,10:30:00,,,,,,,,,,,,,,,,,,,,,,,,,,,,,,,,,,,,,,,,,,,,,,,,,,,,
,,,,,Spinach,,,,,,,,,,,,,,,,,,,,,,,,,ICIMS,Data Scientist,,,,,,,,,,,,,,,,,,,,,,,,,,,,
,,,,,Cod Liver Oil,,,,,,,,,,,,,,,,,,,,,,,,,bath,,,,,,,,,,,,,,,,,,,,,,,,,,,,,
,,,,,,,,,,,,,,,,,,,,,,,,,,,,,,brush,,,,,,,,,,,,,,,,,,,,,,,,,,,,,
,,,,,,,,,,,,,,,,,,,,,,,,,,,,,,,,,Exercise,,,,,,,,,,,,,,,,,,,,,,,,,,
,,,,,,,,,,,,,,,,,,,,,,,,,,,,,,,,,Walking,,,,,,,,,,,,,,,,,,,,,,,,,,
,,,,,,,,,,,,,,,,,,,,,,,,,,,,,,,,,No high carb food,,,,,,,,,,,,,,,,,,,,,,,,,,
,,,,,,,,,,,,,,,,,,,,,,,,,,,,,,,,,No recreational food,,,,,,,,,,,,,,,,,,,,,,,,,,
,,,45852.0,132.8,4L water,100 Bicep Curls,,,,,,,,,,,,,,,,,,,,,,,,,,,,,,,,,,,,,,,,,,,,,,,,,,,,,
,,,,,2 Electrolyte Drink,,,,,,,,,,,,,,,,,,,,,,,,,,,,,,,,,,,,,,,,,,,,,,,,,,,,,,
,,,,,Cod Liver Oil,,,,,,,,,,,,,,,,,,,,,,,,,,,,,,,,,,,,,,,,,,,,,,,,,,,,,,
,,,,,20 Pumpkin Seed,,,,,,,,,,,,,,,,,,,,,,,,,,,,,,,,,,,,,,,,,,,,,,,,,,,,,,
,,,,,20 Almonds,,,,,,,,,,,,,,,,,,,,,,,,,,,,,,,,,,,,,,,,,,,,,,,,,,,,,,
,,,45908.0,128.4,Electrolyte Drink,60 Bicep Curls,08:00:00,,,,,,,,,,,,,,,,,,,,,,,,,,,,,,,,,,,,,,,,,,,,,,,,,,,,
,,,,,20 Almonds,60 Vertical Raises,,,,,,,,,,,,,,,,,,,,,,,,,,,,,,,,,,,,,,,,,,,,,,,,,,,,,
,,,,,Chicken Karahi gravy,60 Single Arm Row,,,,,,,,,,,,,,,,,,,,,,,,,,,,,,,,,,,,,,,,,,,,,,,,,,,,,
,,,,,Cod Liver Oil,60 Kettle Swings,,,,,,,,,,,,,,,,,,,,,,,,,,,,,,,,,,,,,,,,,,,,,,,,,,,,,
,,,,,fanta zero,8400 Ssteps,,,,,,,,,,,,,,,,,,,,,,,,,,,,,,,,,,,,,,,,,,,,,,,,,,,,,
,,,,,vitamin drink,,,,,,,,,,,,,,,,,,,,,,,,,,,,,,,,,,,,,,,,,,,,,,,,,,,,,,
,,,,,protein crunch,,,,,,,,,,,,,,,,,,,,,,,,,,,,,,,,,,,,,,,,,,,,,,,,,,,,,,
,,,45879.0,129.2,Electrolyte Drink,100 Bicep Curls,,,,,,,,,,,,,,,,,,,,,,,,,,,,,,,,,,,,,,,,,,,,,,,,,,,,,
,,,,,Black Coffee,100 Kettle Swings,,,,,,,,,,,,,,,,,,,,,,,,,120.0,,,,,,,,,,,,,,,,,,,,,,,,,,,,
,,,,,15 Almonds,,,,,,,,,,,,,,,,,,,,,,,,,,100.0,,,,,,,,,,,,,,,,,,,,,,,,,,,,
,,,45894.0,131.0,Black Coffee,100 Bicep Curls,08:30:00,Brush,,,,,,,,,,,,,,,,,,,,,,,,,,,,,,,,,,,,,,,,,,,,,,,,,,,
,,,,,Bistro Salad,100 Kettle Twists,,,,,,,,,,,,,,,,,,,,,,,,,,,,,,,,,,,,,,,,,,,,,,,,,,,,,
,,,,,Chicken Legs,20 Kettle Swings,,,,,,,,,,,,,,,,,,,,,,,,,,,,,,,,,,,,,,,,,,,,,,,,,,,,,
,,,,,7 up zero,,,,,,,,,,,,,,,,,,,,,,,,,,,,,,,,,,,,,,,,,,,,,,,,,,,,,,
,,,45980,,,,,,,,,,,,,,,,,,,,,,,,Masturbation,1.0,,,,,,,,,,,,,,,,,,,,,,,,,,,,,,,
,,,45939.0,128.6,3 Electrolyte Drink,60 Bicep Curls,,,,,,,,,,,,,,,,,,,,,,,,,,,,,,,,,,,,,,,,,,,,,,,,,,,,,
,,,,,80 Almonds,60 Single Arm Row,,,,,,,,,,,,,,,,,,,,,,,,,,,,,,,,,,,,,,,,,,,,,,,,,,,,,
,,,,,,10200 steps,,,,,,,,,,,,,,,,,,,,,,,,,,,,,,,,,,,,,,,,,,,,,,,,,,,,,
,,,45940.0,127.4,Electrolyte Drink,60 Bicep Curls,,,,,,,,,,,,,,,,,,,,,,,,,,,,,,,,,,,,,,,,,,,,,,,,,,,,,
,,,,,35 Almonds,40 Single Arm Row,,,,,,,,,,,,,,,,,,,,,,,,,,,,,,,,,,,,,,,,,,,,,,,,,,,,,
,,,,,Spinach,,,,,,,,,,,,,,,,,,,,,,,,,,,,,,,,,,,,,,,,,,,,,,,,,,,,,,
,,,,,Chicken Gravy,,,,,,,,,,,,,,,,,,,,,,,,,,,,,,,,,,,,,,,,,,,,,,,,,,,,,,
,,,45872,129.8,4L water,,,,,,,,,,,,,,,,,,,,,,,,,,,,,,,,,,,,,,,,,,,,,,,,,,,,,,
,,,45960.0,129.8,Electrolyte Drink,,11:00:00,,,,,,,,,,,,,,,,,,,,,,,,,,,120 Bicep Curls,,,,,,,,,,,,,,,,,,,,,,,,,
,,,,,Black Coffee,,,,,,,,,,,,,,,,,,,,,,,,,,,,,120 Shoulder Press,,,,,,,,,,,,,,,,,,,,,,,,,
,,,,,Cod Liver Oil,,,,,,,,,,,,,,,,,,,,,,,,,,,,,80 Lateral Raises,,,,,,,,,,,,,,,,,,,,,,,,,
,,,,,,,,,,,,,,,,,,,,,,,,,,,,,,,,,,60 Single Arm Row,,,,,,,,,,,,,,,,,,,,,,,,,
,,,,,,,,,,,,,,,,,,,,,,,,,,,,,,,,,,20 Kettle Twists,,,,,,,,,,,,,,,,,,,,,,,,,
,,,45891.0,129.2,2 Black Coffee,100 Bicep Curls,,,,,,,,,,,,,,,,,,Brush,,,,,08:30:00,,,,,,,,,,,,,,,,,,,,,,,,,,,,,,
,,,,,2 Electrolyte Drink,100 Shoulder Press,,,,,,,,,,,,,,,,,,Bath,,,,,23:16:00,,,,,,,,,,,,,,,,,,,,,,,,,,,,,,
,,,,,Cod Liver Oil,60 Lateral Raises,,,,,,,,,,,,,,,,,,Clean Room,,,,,,,,,,,,,,,,,,,,,,,,,,,,,,,,,,,
,,,,,Spinach,100 Kettle Twists,,,,,,,,,,,,,,,,,,,,,,,,,,,,,,,,,,,,,,,,,,,,,,,,,,,,,
,,,,,,,,,,,,,,,,,,,,,,,,,,,,,,,,,,,70 +9,70 +9,70 +5 M,70 +5 M,70 +3 E Void,70 +5 M,,,,,,,,,,,,,,,,,,,
,,,,,,,,,,,,,,,,,,,,,,,,,,,,,,,,,,,"3L, 4L","4M, 4M",,,,,,,,,,,,,,,,,,,,,,,
,,,,,,,,,,,,,,,,,,,,,,,,,,,,,,,,,,,+9 4/+9 4/+9 4,+9 4/+9 3/+9 4,,,,,,,,,,,,,,,,,,,,,,,
,,,45910.0,128.2,2 Electrolyte Drink,60 Bicep Curls,,,,,,,,,,,,,,,,,,,,,,,,,,,,,,,,,,,,,,,,,,,,,,,,,,,,,
,,,,,Cod Liver Oil,60 Shoulder Press,,,,,,,,,,,,,,,,,,,,,,,,,,,,,,,,,,,,,,,,,,,,,,,,,,,,,
,,,,,Fanta Zero,60 Single Arm Row,,,,,,,,,,,,,,,,,,,,,,,,,,,,,,,,,,,,,,,,,,,,,,,,,,,,,
,,,,,2 Chicken Wrap,60 Kettle Swings,,,,,,,,,,,,,,,,,,,,,,,,,,,,,,,,,,,,,,,,,,,,,,,,,,,,,
,,,,,Protein Bar,60 Kettle Twists,,,,,,,,,,,,,,,,,,,,,,,,,,,,,,,,,,,,,,,,,,,,,,,,,,,,,
,,,,,,12300 steps,,,,,,,,,,,,,,,,,,,,,,,,,,,,,,,,,,,,,,,,,,,,,,,,,,,,,
,,,45870.0,131.0,Electrolyte Drink,100 Bicep Curls,07:00:00,,,,,,,,,,,,,,,,,Bath,,,,,,,,,,,,,,,,,,,,,,,,,,,,,,,,,,,
,,,,,Black Coffee,100 Single Arm Row,,,,,,,,,,,,,,,,,,,,,,,,,,,,,,,,,,,,,,,,,,,,,,,,,,,,,
,,,,,Spinach,60 Single Arm Row,,,,,,,,,,,,,,,,,,,,,,,,,,,,,,,,,,,,,,,,,,,,,,,,,,,,,
,,,,,20 Almonds,100 Kettle Twists,,,,,,,,,,,,,,,,,,,,,,,,,,,,,,,,,,,,,,,,,,,,,,,,,,,,,
,,,45933.0,129.6,3 Electrolyte Drink,60 Bicep Curls,,,,,,,,,,,,,,,,,,Brush,,,,,,,,,,,,,,,,,,,,,,,,,,,,,,,,,,,
,,,,,2 Black Coffee,60 Shoulder Press,,,,,,,,,,,,,,,,,,Bath,,,,,,,,,,,,,,,,,,,,,,,,,,,,,,,,,,,
,,,,,Cod Liver Oil,60 Lateral Raises,,,,,,,,,,,,,,,,,,Shave,,,,,,,,,,,,,,,,,,,,,,,,,,,,,,,,,,,
,,,,,40 Almonds,60 Single Arm Row,,,,,,,,,,,,,,,,,,Vaccum washroom,,,,,,,,,,,,,,,,,,,,,,,,,,,,,,,,,,,
,,,,,Spinach,60 Kettle Twists,,,,,,,,,,,,,,,,,,Vaccum bedroom,,,,,,,,,,,,,,,,,,,,,,,,,,,,,,,,,,,
,,,,,Chicken Wings,60 Kettle Swings,,,,,,,,,,,,,,,,,,Arranged bedroom,,,,,,,,,,,,,,,,,,,,,,,,,,,,,,,,,,,
,,,,,,10600 steps,,,,,,,,,,,,,,,,,,,,,,,,,,,,,,,,,,,,,,,,,,,,,,,,,,,,,
,,,45860.0,130.0,2 Black Coffee,100 Bicep Curls,,,,,,,,,,,,,,,,,,,,,,,,,,,,,,,,,,,Brush,,,,,,,,,,,,,,,,,,
,,,,,2 Electrolyte Drink,100 Shoulder Press,,,,,,,,,,,,,,,,,,,,,,,,,,,,,,,,,,,Bath,,,,,,,,,,,,,,,,,,
,,,,,380 Pumpkin seed,60 Kettle Twists,,,,,,,,,,,,,,,,,,,,,,,,,,,,,,,,,,,,,,,,,,,,,,,,,,,,,
,,,,,Bistro Salad,60 Kettle Swings,,,,,,,,,,,,,,,,,,,,,,,,,,,,,,,,,,,,,,,,,,,,,,,,,,,,,
,,,,,Chicken Gravy,10000 steps,,,,,,,,,,,,,,,,,,,,,,,,,,,,,,,,,,,,,,,,,,,,,,,,,,,,,
,,,,,Vitamin Drink,,,,,,,,,,,,,,,,,,,,,,,,,,,,,,,,,,,,,,,,,,,,,,,,,,,,,,
,,,45861.0,131.2,Black Coffeee,100 Bicep Curls,,,,,,,,,,,,,,,,,,,,,,,,,,,,,,,,,,,,,,,,,,,,,,,,,,,,,
,,,,,2 Electrolyte Drink,100 Shoulder Press,,,,,,,,,,,,,,,,,,,,,,,,,,,,,,,,,,,,,,,,,,,,,,,,,,,,,
,,,,,30 Almonds,60 Lateral Raises,,,,,,,,,,,,,,,,,,,,,,,,,,,,,,,,,,,,,,,,,,,,,,,,,,,,,
,,,,,70 Pumpkin seeds,60 Kettle Twists,,,,,,,,,,,,,,,,,,,,,,,,,,,,,,,,,,,,,,,,,,,,,,,,,,,,,
,,,,,,13100 steps,,,,,,,,,,,,,,,,,,,,,,,,,,,,,,,,,,,,,,,,,,,,,,,,,,,,,
,,,,,,100 Bicep Curls,,,,,,,,,,,,,,,,,,,,,,,,,,,,,,,,,,,,,,,,,,,,,,,,,,,,,
,,,,,,100 Shoulder Press,,,,,,,,,,,,,,,,,,,,,,,,,,,,,,,,,,,,,,,,,,,,,,,,,,,,,
,,,45876.0,,Keto Crunch,100 Bicep Curls,,,,,,,,,,,,,,,,,,,,,,,,,,,,,,,,,,,,,,,,,,,,,,,,,,,,,
,,,,,Keto Crunch,60 Shoulder Press,,,,,,,,,,,,,,,,,,,,,,,,,,,,,,,,,,,,,,,,,,,,,,,,,,,,,
,,,,,Mas+ Drink,3530 steps,,,,,,,,,,,,,,,,,,,,,,,,,,,,,,,,,,,,,,,,,,,,,,,,,,,,,
,,,45935.0,129.4,Black Coffee,60 Bicep Curls,09:00:00,,,,,,,,,,,,,,,,,Bath,,,,,,,buy shower bath,,,,,,,,,,,,,,,,,,,,,,,,,,,,
,,,,,Electrolyte Drink,60 Shoulder Press,,,,,,,,,,,,,,,,,,Brush,,,,,,,Rent,,,,,,,,,,,,,,,,,,,,,,,,,,,,
,,,,,Sindhi Chicken Biryani,60 Kettle Swings,,,,,,,,,,,,,,,,,,,,,,,,,,,,,,,,,,,,,,,,,,,,,,,,,,,,,
,,,45997,,,,,,,,,,,,,,,,,,,,,,,,1 Masturbation,,,,,,,,,,,,,,,,,,,,,,,,,,,,,,,,
,,,45931.0,127.2,Electrolyte Drink,60 Bicep Curls,,,,,,,,,,,,,,,,,,Bath,,,,,,,,,,,,,,,,,,,,,,,,,,,,,,,,,,,
,,,,,Cod Liver Oil,60 Shoulder Press,,,,,,,,,,,,,,,,,,Brush,,,,,,,,,,,,,,,,,,,,,,,,,,,,,,,,,,,
,,,45985.0,128.2,3 Electrolyte Drink,60 Bicep Curls,10:00:00,,,,,,,,,,,,,,,,,Brush,,,,,,,,,,,,,,,,,,,,,,,,,,,,,,,,,,,
,,,,,Skyr,60 Single Arm Row,,,,,,,,,,,,,,,,,,,,,,,,,,,,,,,,,,,,,,,,,,,,,,,,,,,,,
,,,,,Chicken Gravy,4468 steps,,,,,,,,,,,,,,,,,,,,,,,,,,,,,,,,,,,,,,,,,,,,,,,,,,,,,
,,,,,40 Almonds,,,,,,,,,,,,,,,,,,,,,,,,,,,,,,,,,,,,,,,,,,,,,,,,,,,,,,
,,,,,20 Pumpkin seeds,,,,,,,,,,,,,,,,,,,,,,,,,,,,,,,,,,,,,,,,,,,,,,,,,,,,,,
,,,45835.0,137.0,,60 Bicep Curls,06:00:00,Arranged room,Black Coffee,,,,,,,,,,,,,,,,,,,,,,,,,,,,,,,,,,,,,,,,,,,,,,,,,,
,,,,,,60 Shoulder Press,23:00:00,Brush,2 Electrolyte Drink,,,,,,,,,,,,,,,,,,,,,,,,,,,,,,,,,,,,,,,,,,,,,,,,,,
,,,,,,60 Lateral Raises,,Bath,Cod Liver Oil,,,,,,,,,,,,,,,,,,,,,,,,,,,,,,,,,,,,,,,,,,,,,,,,,,
,,,,,,60 Single Arm Row,,,8l water,,,,,,,,,,,,,,,,,,,,,,,,,,,,,,,,,,,,,,,,,,,,,,,,,,
,,,,,,60 Kettle Twists,,,20 Almonds,,,,,,,,,,,,,,,,,,,,,,,,,,,,,,,,,,,,,,,,,,,,,,,,,,
,,,,,,60 Kettle Swings,,,Spinach,,,,,,,,,,,,,,,,,,,,,,,,,,,,,,,,,,,,,,,,,,,,,,,,,,
,,,,,,10000 steps,,,Club Tropical,,,,,,,,,,,,,,,,,,,,,,,,,,,,,,,,,,,,,,,,,,,,,,,,,,
,,,,,,,,,Pollo Picado Pizza,,,,,,,,,,,,,,,,,,,,,,,,,,,,,,,,,,,,,,,,,,,,,,,,,,
,,,,,,,,,Chocolate cake,,,,,,,,,,,,,,,,,,,,,,,,,,,,,,,,,,,,,,,,,,,,,,,,,,
,,,,,,,,,Honey Cashews,,,,,,,,,,,,,,,,,,,,,,,,,,,,,,,,,,,,,,,,,,,,,,,,,,
,,,,,,,,,Chicken Gravy,,,,,,,,,,,,,,,,,,,,,,,,,,,,,,,,,,,,,,,,,,,,,,,,,,
,,,45836.0,137.0,,60 Bicep Curls,06:00:00,Arranged room,Black Coffee,,,,,,,,,,,,,,,,,,,,,,,,,,,,,,,,,,,,,,,,,,,,,,,,,,
,,,,,,60 Shoulder Press,,Brush,Electrolyte Drink,,,,,,,,,,,,,,,,,,,,,,,,,,,,,,,,,,,,,,,,,,,,,,,,,,
,,,,,,60 Single Arm Row,,,20 Almonds,,,,,,,,,,,,,,,,,,,,,,,,,,,,,,,,,,,,,,,,,,,,,,,,,,
,,,,,,60 Kettle Twists,,,50 Pumpkin seed,,,,,,,,,,,,,,,,,,,,,,,,,,,,,,,,,,,,,,,,,,,,,,,,,,
,,,,,,10000 steps,,,Spinach,,,,,,,,,,,,,,,,,,,,,,,,,,,,,,,,,,,,,,,,,,,,,,,,,,
,,,,,,,,,8l water,,,,,,,,,,,,,,,,,,,,,,,,,,,,,,,,,,,,,,,,,,,,,,,,,,
,,,45961.0,128.2,2 Electrolyte Drink,60 Bicep Curls,,,,,,,,,,,,,,,,,,,,,,,,,,,,,,,,,,,,,,,,,,,,,,,,,,,,,
,,,,,Cod Liver Oil,40 Lateral Raises,,,,,,,,,,,,,,,,,,,,,,,,,,,,,,,,,,,,,,,,,,,,,,,,,,,,,
,,,,,60 Almonds,,,,,,,,,,,,,,,,,,,,,,,,,,,,,,,,,,,,,,,,,,,,,,,,,,,,,,
,,,,,Chicken Biryani,,,,,,,,,,,,,,,,,,,,,,,,,,,,,,,,,,,,,,,,,,,,,,,,,,,,,,
,,,45780.0,158.0,Black Coffee,60 Bicep Curls,,,,,,,,,,,,,,,,,,,,,,,,,,,,,,,,,,,,,,,,,,,,,,,,,,,,,
,,,,,15 Almonds,60 Lateral Raises,,,,,,,,,,,,,,,,,,,,,,,,,,,,,,,,,,,,,,,,,,,,,,,,,,,,,
,,,,,5 Olives,60 Kettle Twists,,,,,,,,,,,,,,,,,,,,,,,,,,,,,,,,,,,,,,,,,,,,,,,,,,,,,
,,,,,3 Eggs,60 Kettle Swings,,,,,,,,,,,,,,,,,,,,,,,,,,,,,,,,,,,,,,,,,,,,,,,,,,,,,
,,,,,Mango,,,,,,,,,,,,,,,,,,,,,,,,,,,,,,,,,,,,,,,,,,,,,,,,,,,,,,
,,,,,Spinach and Rocket Leaves,,,,,,,,,,,,,,,,,,,,,,,,,,,,,,,,,,,,,,,,,,,,,,,,,,,,,,
,,,,,Protein Coffee,,,,,,,,,,,,,,,,,,,,,,,,,,,,,,,,,,,,,,,,,,,,,,,,,,,,,,
,,,45781.0,153.4,Black Coffee,60 Bicep Curls,,,,,,,,,,,,,,,,,,,,,,,,,,,,,,,,,,,,,,,,,,,,,,,,,,,,,
,,,,,25 Almonds,60 Lateral Raises,,,,,,,,,,,,,,,,,,,,,,,,,,,,,,,,,,,,,,,,,,,,,,,,,,,,,
,,,,,Chicken Sushi,10000 steps,,,,,,,,,,,,,,,,,,,,,,,,,,,,,,,,,,,,,,,,,,,,,,,,,,,,,
,,,,,Coconut Water,,,,,,,,,,,,,,,,,,,,,,,,,,,,,,,,,,,,,,,,,,,,,,,,,,,,,,
,,,45782.0,152.2,Black Coffee,60 Shoulder Press,,,,,,,,,,,,,,,,,,,,,,,,,,,,,,,,,,,,,,,,,,,,,,,,,,,,,
,,,,,Electrolyte Drink,60 Single Arm Row,,,,,,,,,,,,,,,,,,,,,,,,,,,,,,,,,,,,,,,,,,,,,,,,,,,,,
,,,,,20 Almonds,60 Kettle Twists,,,,,,,,,,,,,,,,,,,,,,,,,,,,,,,,,,,,,,,,,,,,,,,,,,,,,
,,,,,Chicken Wings,60 Kettle Swings,,,,,,,,,,,,,,,,,,,,,,,,,,,,,,,,,,,,,,,,,,,,,,,,,,,,,
,,,,,Spinach and Rocket Leaves,10000 steps,,,,,,,,,,,,,,,,,,,,,,,,,,,,,,,,,,,,,,,,,,,,,,,,,,,,,
,,,,,Veggie crunch,,,,,,,,,,,,,,,,,,,,,,,,,,,,,,,,,,,,,,,,,,,,,,,,,,,,,,
,,,45783.0,151.2,Black Coffee,60 Shoulder Press,,,,,,,,,,,,,,,,,,,,,,,,,,,,,,,,,,,,,,,,,,,,,,,,,,,,,
,,,,,Chicken Wings,60 Kettle Twists,,,,,,,,,,,,,,,,,,,,,,,,,,,,,,,,,,,,,,,,,,,,,,,,,,,,,
,,,,,Spinach and Rocket Leaves,60 Kettle Swings,,,,,,,,,,,,,,,,,,,,,,,,,,,,,,,,,,,,,,,,,,,,,,,,,,,,,
,,,,,Chicken Soup,10000 steps,,,,,,,,,,,,,,,,,,,,,,,,,,,,,,,,,,,,,,,,,,,,,,,,,,,,,
,,,,,3  Eggs,,,,,,,,,,,,,,,,,,,,,,,,,,,,,,,,,,,,,,,,,,,,,,,,,,,,,,
,,,,,Strawberry,,,,,,,,,,,,,,,,,,,,,,,,,,,,,,,,,,,,,,,,,,,,,,,,,,,,,,
,,,,,American Pizza,,,,,,,,,,,,,,,,,,,,,,,,,,,,,,,,,,,,,,,,,,,,,,,,,,,,,,
,,,,,Diet Coke,,,,,,,,,,,,,,,,,,,,,,,,,,,,,,,,,,,,,,,,,,,,,,,,,,,,,,
,,,45784.0,152.8,Black Coffee,60 Bicep Curls,,,,,,,,,,,,,,,,,,,,,,,,,,,,,,,,,,,,,,,,,,,,,,,,,,,,,
,,,,,Electrolyte Drink,60 Shoulder Press,,,,,,,,,,,,,,,,,,,,,,,,,,,,,,,,,,,,,,,,,,,,,,,,,,,,,
,,,,,Baby Leaves,60 Lateral Raises,,,,,,,,,,,,,,,,,,,,,,,,,,,,,,,,,,,,,,,,,,,,,,,,,,,,,
,,,,,Chicken Soup,60 Kettle Swings,,,,,,,,,,,,,,,,,,,,,,,,,,,,,,,,,,,,,,,,,,,,,,,,,,,,,
,,,,,Diet Coke,12300 steps,,,,,,,,,,,,,,,,,,,,,,,,,,,,,,,,,,,,,,,,,,,,,,,,,,,,,
,,,,,2x Mango Chunks,,,,,,,,,,,,,,,,,,,,,,,,,,,,,,,,,,,,,,,,,,,,,,,,,,,,,,
,,,,,Seesame Chicken,,,,,,,,,,,,,,,,,,,,,,,,,,,,,,,,,,,,,,,,,,,,,,,,,,,,,,
,,,,,KFC Chicken Wings,,,,,,,,,,,,,,,,,,,,,,,,,,,,,,,,,,,,,,,,,,,,,,,,,,,,,,
,,,45785.0,151.4,Black Coffee,60 Bicep Curls,,,,,,,,,,,,,,,,,,,,,,,,,,,,,,,,,,,,,,,,,,,,,,,,,,,,,
,,,,,20 Almonds,60 Lateral Raises,,,,,,,,,,,,,,,,,,,,,,,,,,,,,,,,,,,,,,,,,,,,,,,,,,,,,
,,,,,Baby Leaves Salad,60 Kettle Twists,,,,,,,,,,,,,,,,,,,,,,,,,,,,,,,,,,,,,,,,,,,,,,,,,,,,,
,,,45786.0,150.6,Black Coffee,60 Bicep Curls,,,,,,,,,,,,,,,,,,,,,,,,,,,,,,,,,,,,,,,,,,,,,,,,,,,,,
,,,,,2x Electrolyte Drink,60 Shoulder Press,,,,,,,,,,,,,,,,,,,,,,,,,,,,,,,,,,,,,,,,,,,,,,,,,,,,,
,,,,,Rice with Chicken Gravy,60 Kettle Twists,,,,,,,,,,,,,,,,,,,,,,,,,,,,,,,,,,,,,,,,,,,,,,,,,,,,,
,,,,,Baby Leaves Salad,60 Kettle Swings,,,,,,,,,,,,,,,,,,,,,,,,,,,,,,,,,,,,,,,,,,,,,,,,,,,,,
,,,,,Veggie Protein Crunch,10000 steps,,,,,,,,,,,,,,,,,,,,,,,,,,,,,,,,,,,,,,,,,,,,,,,,,,,,,
,,,45787.0,151.6,2x Black Coffee,60 Bicep Curls,,,,,,,,,,,,,,,,,,,,,,,,,,,,,,,,,,,,,,,,,,,,,,,,,,,,,
,,,,,Chicken Gravy,7000 steps,,,,,,,,,,,,,,,,,,,,,,,,,,,,,,,,,,,,,,,,,,,,,,,,,,,,,
,,,45788.0,151.4,Bulletproof Coffee,60 Bicep Curls,,,,,,,,,,,,,,,,,,,,,,,,,,,,,,,,,,,,,,,,,,,,,,,,,,,,,
,,,,,Baby leaves salad,60 Kettle Twists,,,,,,,,,,,,,,,,,,,,,,,,,,,,,,,,,,,,,,,,,,,,,,,,,,,,,
,,,,,Vitamin Water Drink,11400 steps,,,,,,,,,,,,,,,,,,,,,,,,,,,,,,,,,,,,,,,,,,,,,,,,,,,,,
,,,,,Bistro Salad,,,,,,,,,,,,,,,,,,,,,,,,,,,,,,,,,,,,,,,,,,,,,,,,,,,,,,
,,,,,Electrolyte Drink,,,,,,,,,,,,,,,,,,,,,,,,,,,,,,,,,,,,,,,,,,,,,,,,,,,,,,
,,,,,Dark Chocolate,,,,,,,,,,,,,,,,,,,,,,,,,,,,,,,,,,,,,,,,,,,,,,,,,,,,,,
,,,45789.0,150.8,Black Coffee,60 Bicep Curls,,,,,,,,,,,,,,,,,,,,,,,,,,,,,,,,,,,,,,,,,,,,,,,,,,,,,
,,,,,Electrolyte Drink,90 Shoulder Press,,,,,,,,,,,,,,,,,,,,,,,,,,,,,,,,,,,,,,,,,,,,,,,,,,,,,
,,,,,Bistro Salad,60 Kettle Twists,,,,,,,,,,,,,,,,,,,,,,,,,,,,,,,,,,,,,,,,,,,,,,,,,,,,,
,,,,,Dark Chocolate,60 Kettle Swings,,,,,,,,,,,,,,,,,,,,,,,,,,,,,,,,,,,,,,,,,,,,,,,,,,,,,
,,,,,Chicken gravy,11300 steps,,,,,,,,,,,,,,,,,,,,,,,,,,,,,,,,,,,,,,,,,,,,,,,,,,,,,
,,,45790.0,150.4,Black Coffee,100 Bicep Curls,,,,,,,,,,,,,,,,,,,,,,,,,,,,,,,,,,,,,,,,,,,,,,,,,,,,,
,,,,,Electrolyte Drink,100 Shoulder Press,,,,,,,,,,,,,,,,,,,,,,,,,,,,,,,,,,,,,,,,,,,,,,,,,,,,,
,,,,,Chicken gravy,15800 steps,,,,,,,,,,,,,,,,,,,,,,,,,,,,,,,,,,,,,,,,,,,,,,,,,,,,,
,,,,,Magnum Hazlenut caramel,,,,,,,,,,,,,,,,,,,,,,,,,,,,,,,,,,,,,,,,,,,,,,,,,,,,,,
,,,,,Vitamin Water Drink,,,,,,,,,,,,,,,,,,,,,,,,,,,,,,,,,,,,,,,,,,,,,,,,,,,,,,
,,,,,Fanta Apple Flavour,,,,,,,,,,,,,,,,,,,,,,,,,,,,,,,,,,,,,,,,,,,,,,,,,,,,,,
,,,,,Mozzarella Cheese,,,,,,,,,,,,,,,,,,,,,,,,,,,,,,,,,,,,,,,,,,,,,,,,,,,,,,
,,,45791.0,150.4,Electrolyte Drink,100 Bicep Curls,,,,,,,,,,,,,,,,,,,,,,,,,,,,,,,,,,,,,,,,,,,,,,,,,,,,,
,,,,,99% Cocoa,100 Shoulder Press,,,,,,,,,,,,,,,,,,,,,,,,,,,,,,,,,,,,,,,,,,,,,,,,,,,,,
,,,,,Black Coffee,100 Lateral Raises,,,,,,,,,,,,,,,,,,,,,,,,,,,,,,,,,,,,,,,,,,,,,,,,,,,,,
,,,,,Cod Liver Oil,100 Single Arm Row,,,,,,,,,,,,,,,,,,,,,,,,,,,,,,,,,,,,,,,,,,,,,,,,,,,,,
,,,,,Bistro Salad,100 Kettle Swings,,,,,,,,,,,,,,,,,,,,,,,,,,,,,,,,,,,,,,,,,,,,,,,,,,,,,
,,,,,Sesame soy chicken,,,,,,,,,,,,,,,,,,,,,,,,,,,,,,,,,,,,,,,,,,,,,,,,,,,,,,
,,,,,Veggie Crunch,,,,,,,,,,,,,,,,,,,,,,,,,,,,,,,,,,,,,,,,,,,,,,,,,,,,,,
,,,,,Cheese,,,,,,,,,,,,,,,,,,,,,,,,,,,,,,,,,,,,,,,,,,,,,,,,,,,,,,
,,,,,Lamb Roganjosh,,,,,,,,,,,,,,,,,,,,,,,,,,,,,,,,,,,,,,,,,,,,,,,,,,,,,,
,,,45792.0,149.4,Black Coffee,100 Bicep Curls,,,,,,,,,,,,,,,,,,,,,,,,,,,,,,,,,,,,,,,,,,,,,,,,,,,,,
,,,,,Cod Liver Oil,100 Lateral Raises,,,,,,,,,,,,,,,,,,,,,,,,,,,,,,,,,,,,,,,,,,,,,,,,,,,,,
,,,,,99% Cocoa Chocolate,100 Single Arm Row,,,,,,,,,,,,,,,,,,,,,,,,,,,,,,,,,,,,,,,,,,,,,,,,,,,,,
,,,,,Cheese,100 Kettle Swings,,,,,,,,,,,,,,,,,,,,,,,,,,,,,,,,,,,,,,,,,,,,,,,,,,,,,
,,,,,Lamb Roganjosh,11600 steps,,,,,,,,,,,,,,,,,,,,,,,,,,,,,,,,,,,,,,,,,,,,,,,,,,,,,
,,,,,Air Fried Tandoori Chicken,,,,,,,,,,,,,,,,,,,,,,,,,,,,,,,,,,,,,,,,,,,,,,,,,,,,,,
,,,,,Bulletproof Coffee,,,,,,,,,,,,,,,,,,,,,,,,,,,,,,,,,,,,,,,,,,,,,,,,,,,,,,
,,,,,Sausage Rolls,,,,,,,,,,,,,,,,,,,,,,,,,,,,,,,,,,,,,,,,,,,,,,,,,,,,,,
,,,45793.0,150.0,Black Coffee,80 Bicep Curls,,,,,,,,,,,,,,,,,,,,,,,,,,,,,,,,,,,,,,,,,,,,,,,,,,,,,
,,,,,99% Cocoa Chocolate,60 Kettle Twists,,,,,,,,,,,,,,,,,,,,,,,,,,,,,,,,,,,,,,,,,,,,,,,,,,,,,
,,,,,Cheese,12900 steps,,,,,,,,,,,,,,,,,,,,,,,,,,,,,,,,,,,,,,,,,,,,,,,,,,,,,
,,,,,Tropical Fruit Drink,,,,,,,,,,,,,,,,,,,,,,,,,,,,,,,,,,,,,,,,,,,,,,,,,,,,,,
,,,45794.0,149.2,Electrolyte Drink,60 Bicep Curls,,,,,,,,,,,,,,,,,,,,,,,,,,,,,,,,,,,,,,,,,,,,,,,,,,,,,
,,,,,Bistro Salad,80 Kettle Twists,,,,,,,,,,,,,,,,,,,,,,,,,,,,,,,,,,,,,,,,,,,,,,,,,,,,,
,,,,,Vitamin Water Drink,10000 steps,,,,,,,,,,,,,,,,,,,,,,,,,,,,,,,,,,,,,,,,,,,,,,,,,,,,,
,,,,,Veg Pastries,,,,,,,,,,,,,,,,,,,,,,,,,,,,,,,,,,,,,,,,,,,,,,,,,,,,,,
,,,45795.0,148.8,Bistro Salad,60 Bicep Curls,,,,,,,,,,,,,,,,,,,,,,,,,,,,,,,,,,,,,,,,,,,,,,,,,,,,,
,,,,,Electrolyte Drink,80 Shoulder Press,,,,,,,,,,,,,,,,,,,,,,,,,,,,,,,,,,,,,,,,,,,,,,,,,,,,,
,,,,,Bulletproof Coffee,60 Lateral Raises,,,,,,,,,,,,,,,,,,,,,,,,,,,,,,,,,,,,,,,,,,,,,,,,,,,,,
,,,,,13 Almonds,60 Kettle Twists,,,,,,,,,,,,,,,,,,,,,,,,,,,,,,,,,,,,,,,,,,,,,,,,,,,,,
,,,,,Mutton chop karachi gohst,60 Kettle Swings,,,,,,,,,,,,,,,,,,,,,,,,,,,,,,,,,,,,,,,,,,,,,,,,,,,,,
,,,,,Fanta Apple Flavour,15300 steps,,,,,,,,,,,,,,,,,,,,,,,,,,,,,,,,,,,,,,,,,,,,,,,,,,,,,
,,,45796.0,148.4,Bulletproof Coffee,80 Bicep Curls,,,,,,,,,,,,,,,,,,,,,,,,,,,,,,,,,,,,,,,,,,,,,,,,,,,,,
,,,,,Bistro Salad,60 Single Arm Row,,,,,,,,,,,,,,,,,,,,,,,,,,,,,,,,,,,,,,,,,,,,,,,,,,,,,
,,,,,Chicken Gravy,60 Lateral Raises,,,,,,,,,,,,,,,,,,,,,,,,,,,,,,,,,,,,,,,,,,,,,,,,,,,,,
,,,,,Margerita Pizza with pesto,60 Kettle Twists,,,,,,,,,,,,,,,,,,,,,,,,,,,,,,,,,,,,,,,,,,,,,,,,,,,,,
,,,,,Mango,16600 steps,,,,,,,,,,,,,,,,,,,,,,,,,,,,,,,,,,,,,,,,,,,,,,,,,,,,,
,,,,,15 Almonds,,,,,,,,,,,,,,,,,,,,,,,,,,,,,,,,,,,,,,,,,,,,,,,,,,,,,,
,,,,,Magnum Almond,,,,,,,,,,,,,,,,,,,,,,,,,,,,,,,,,,,,,,,,,,,,,,,,,,,,,,
,,,45797.0,149.8,Black Coffee,60 Bicep Curls,,,,,,,,,,,,,,,,,,,,,,,,,,,,,,,,,,,,,,,,,,,,,,,,,,,,,
,,,,,Bistro Salad,80 Lateral Raises,,,,,,,,,,,,,,,,,,,,,,,,,,,,,,,,,,,,,,,,,,,,,,,,,,,,,
,,,,,Chewing gum,10300 steps,,,,,,,,,,,,,,,,,,,,,,,,,,,,,,,,,,,,,,,,,,,,,,,,,,,,,
,,,45798.0,147.8,Bulletproof Coffee,60 Bicep Curls,,,,,,,,,,,,,,,,,,,,,,,,,,,,,,,,,,,,,,,,,,,,,,,,,,,,,
,,,,,Electrolyte drink,60 Shoulder Press,22:00:00,,,,,,,,,,,,,,,,,,,,,,,,,,,,,,,,,,,,,,,,,,,,,,,,,,,,
,,,,,2 Chewing gum,60 Kettle Swings,,,,,,,,,,,,,,,,,,,,,,,,,,,,,,,,,,,,,,,,,,,,,,,,,,,,,
,,,,,Chicken Gravy,16300 steps,,,,,,,,,,,,,,,,,,,,,,,,,,,,,,,,,,,,,,,,,,,,,,,,,,,,,
,,,,,Coffee,,,,,,,,,,,,,,,,,,,,,,,,,,,,,,,,,,,,,,,,,,,,,,,,,,,,,,
,,,45799.0,147.6,Coffee,60 Bicep Curls,07:30:00,,,,,,,,,,,,,,,,,,,,,,,,,,,,,,,,,,,7 ltrs,,,,,,,,,,,,,,,,,
,,,,,2 Electrolyte Drink,100 Shoulder Press,22:00:00,,,,,,,,,,,,,,,,,,,,,,,,,,,,,,,,,,,,,,,,,,,,,,,,,,,,
,,,,,4 Chewing gum,13300 steps,,,,,,,,,,,,,,,,,,,,,,,,,,,,,,,,,,,,,,,,,,,,,,,,,,,,,
,,,,,Keto nuts crunch,,,,,,,,,,,,,,,,,,,,,,,,,,,,,,,,,,,,,,,,,,,,,,,,,,,,,,
,,,,,Ham and Cheese Jambon,,,,,,,,,,,,,,,,,,,,,,,,,,,,,,,,,,,,,,,,,,,,,,,,,,,,,,
,,,45800.0,148.2,2 Coffee,60 Bicep Curls,08:00:00,,,,,,,,,,,,,,,,,,,,,,,,,,,,,,,,,,,6 lts,,,,,,,,,,,,,,,,,
,,,,,2 Electrolyte Drink,60 Shoulder Press,23:30:00,,,,,,,,,,,,,,,,,,,,,,,,,,,,,,,,,,,,,,,,,,,,,,,,,,,,
,,,,,Chicken Gravy,10800 steps,,,,,,,,,,,,,,,,,,,,,,,,,,,,,,,,,,,,,,,,,,,,,,,,,,,,,
,,,,,4 Chewing gum,,,,,,,,,,,,,,,,,,,,,,,,,,,,,,,,,,,,,,,,,,,,,,,,,,,,,,
,,,45801.0,146.6,Bulletproof Coffee,100 Bicep Curls,07:30:00,,,,,,,,,,,,,,,,,,,,,,,,,,,,,,,,,,,5 lts,,,,,,,,,,,,,,,,,
,,,,,2 Electrolyte Drink,100 Shoulder Press,20:30:00,,,,,,,,,,,,,,,,,,,,,,,,,,,,,,,,,,,,,,,,,,,,,,,,,,,,
,,,,,20 Almonds,120 Lateral Raises,,,,,,,,,,,,,,,,,,,,,,,,,,,,,,,,,,,,,,,,,,,,,,,,,,,,,
,,,,,4 Chewing gum,100 Kettle Swings,,,,,,,,,,,,,,,,,,,,,,,,,,,,,,,,,,,,,,,,,,,,,,,,,,,,,
,,,,,2 Vitamin drink,13100 steps,,,,,,,,,,,,,,,,,,,,,,,,,,,,,,,,,,,,,,,,,,,,,,,,,,,,,
,,,45802.0,147.2,Coffee,120 Bicep Curls,09:00:00,,,,,,,,,,,,,,,,,,,,,,,,,,,,,,,,,,,4 lts,,,,,,,,,,,,,,,,,
,,,,,2 Electrolyte Drink,120 Shoulder Press,22:00:00,,,,,,,,,,,,,,,,,,,,,,,,,,,,,,,,,,,,,,,,,,,,,,,,,,,,
,,,,,30 Almonds,100 Lateral Raises,,,,,,,,,,,,,,,,,,,,,,,,,,,,,,,,,,,,,,,,,,,,,,,,,,,,,
,,,,,6 Chewing gum,100 Kettle Swings,,,,,,,,,,,,,,,,,,,,,,,,,,,,,,,,,,,,,,,,,,,,,,,,,,,,,
,,,,,Chicken Wings,10300 steps,,,,,,,,,,,,,,,,,,,,,,,,,,,,,,,,,,,,,,,,,,,,,,,,,,,,,
,,,,,Veggie Protein Crunch,,,,,,,,,,,,,,,,,,,,,,,,,,,,,,,,,,,,,,,,,,,,,,,,,,,,,,
,,,,,2 Vitamin drink,,,,,,,,,,,,,,,,,,,,,,,,,,,,,,,,,,,,,,,,,,,,,,,,,,,,,,
,,,45803.0,146.8,2 Coffee,100 Bicep Curls,07:00:00,,,,,,,,,,,,,,,,,,,,,,,,,,,,,,,,,,,6 lts,,,,,,,,,,,,,,,,,
,,,,,2 Chewing gum,12200 steps,,,,,,,,,,,,,,,,,,,,,,,,,,,,,,,,,,,,,,,,,,,,,,,,,,,,,
,,,45804.0,146.2,2 Coffee,100 Bicep Curls,07:00:00,,,,,,,,,,,,,,,,,Brush,,,,,,,,,,,,,,,,,,6 lts,,,,,,,,,,,,,,,,,
,,,,,Electrolyte Drink,100 Shoulder Press,22:00:00,,,,,,,,,,,,,,,,,Bath,,,,,,,,,,,,,,,,,,,,,,,,,,,,,,,,,,,
,,,,,20 Almonds,100 Lateral Raises,,,,,,,,,,,,,,,,,,,,,,,,,,,,,,,,,,,,,,,,,,,,,,,,,,,,,
,,,,,Chicken Soup,100 Kettle Swings,,,,,,,,,,,,,,,,,,,,,,,,,,,,,,,,,,,,,,,,,,,,,,,,,,,,,
,,,,,6 Chewing gum,6500 steps,,,,,,,,,,,,,,,,,,,,,,,,,,,,,,,,,,,,,,,,,,,,,,,,,,,,,
,,,,,5 Brazil Nuts,,,,,,,,,,,,,,,,,,,,,,,,,,,,,,,,,,,,,,,,,,,,,,,,,,,,,,
,,,,,Frank Sauce Shredded chicken,,,,,,,,,,,,,,,,,,,,,,,,,,,,,,,,,,,,,,,,,,,,,,,,,,,,,,
,,,45805.0,147.2,Black Coffee,100 Bicep Curls,07:00:00,,,,,,,,,,,,,,,,,Brush,,,,,,,,,,,,,,,,,,5 lts,,,,,,,,,,,,,,,,,
,,,,,2 Electrolyte Drink,100 Shoulder Press,22:00:00,,,,,,,,,,,,,,,,,Bath,,,,,,,,,,,,,,,,,,,,,,,,,,,,,,,,,,,
,,,,,20 Almonds,100 Single Arm Row,,,,,,,,,,,,,,,,,,,,,,,,,,,,,,,,,,,,,,,,,,,,,,,,,,,,,
,,,,,5 Brazil Nuts,13800 steps,,,,,,,,,,,,,,,,,,,,,,,,,,,,,,,,,,,,,,,,,,,,,,,,,,,,,
,,,,,7 Chewing Gum,,,,,,,,,,,,,,,,,,,,,,,,,,,,,,,,,,,,,,,,,,,,,,,,,,,,,,
,,,45806.0,146.2,Black Coffee,60 Bicep Curls,07:00:00,,,,,,,,,,,,,,,,,Brush,,,,,,,,,,,,,,,,,,6 lts,,,,,,,,,,,,,,,,,
,,,,,2 Electrolyte Drink,60 Shoulder Press,22:00:00,,,,,,,,,,,,,,,,,Bath,,,,,,,,,,,,,,,,,,,,,,,,,,,,,,,,,,,
,,,,,Cod Liver Oil,60 Lateral Raises,,,,,,,,,,,,,,,,,,Washed Clothes,,,,,,,,,,,,,,,,,,,,,,,,,,,,,,,,,,,
,,,,,5 Brazil Nuts,60 Kettle Twists,,,,,,,,,,,,,,,,,,,,,,,,,,,,,,,,,,,,,,,,,,,,,,,,,,,,,
,,,45807.0,146.0,2 Black Coffee,60 Bicep Curls,07:00:00,,,,,,,,,,,,,,,,,Brush,,,,,,,,,,,,,,,,,,9 lts,,,,,,,,,,,,,,,,,
,,,,,3 Electrolyte Drink,60 Shoulder Press,22:00:00,,,,,,,,,,,,,,,,,Bath,,,,,,,,,,,,,,,,,,,,,,,,,,,,,,,,,,,
,,,,,2 Brazil Nuts,60 Kettle Twists,,,,,,,,,,,,,,,,,,,,,,,,,,,,,,,,,,,,,,,,,,,,,,,,,,,,,
,,,,,Chicken Wings,12300 steps,,,,,,,,,,,,,,,,,,,,,,,,,,,,,,,,,,,,,,,,,,,,,,,,,,,,,
,,,45808.0,144.2,2 Black Coffee,60 Bicep Curls,07:00:00,,,,,,,,,,,,,,,,,Brush,,,,,,,,,,,,,,,,,,6 lts,,,,,,,,,,,,,,,,,
,,,,,Rajma Gravy,12500 steps,,,,,,,,,,,,,,,,,,,,,,,,,,,,,,,,,,,,,,,,,,,,,,,,,,,,,
,,,,,Paneer Matar Masala,,,,,,,,,,,,,,,,,,,,,,,,,,,,,,,,,,,,,,,,,,,,,,,,,,,,,,
,,,,,Potato Gravy,,,,,,,,,,,,,,,,,,,,,,,,,,,,,,,,,,,,,,,,,,,,,,,,,,,,,,
,,,45809.0,143.8,Black Coffee,60 Bicep Curls,07:00:00,,,,,,,,,,,,,,,,,Brush,,,,,,,,,,,,,,,,,,6 lts,,,,,,,,,,,,,,,,,
,,,,,8 Brazil Nuts,60 Kettle Twists,,,,,,,,,,,,,,,,,,,,,,,,,,,,,,,,,,,,,,,,,,,,,,,,,,,,,
,,,,,3 BBQ Chicken Skewers,,,,,,,,,,,,,,,,,,,,,,,,,,,,,,,,,,,,,,,,,,,,,,,,,,,,,,
,,,45810.0,145.0,2 Black Coffee,100 Bicep Curls,07:00:00,,,,,,,,,,,,,,,,,Brush,,,,,,,,,,,,,,,,,,7 lts,,,,,,,,,,,,,,,,,
,,,,,3 Electrolyte Drink,100 Shoulder Press,22:00:00,,,,,,,,,,,,,,,,,Bath,,,,,,,,,,,,,,,,,,,,,,,,,,,,,,,,,,,
,,,,,3 Brazil Nuts,60 Kettle Twists,,,,,,,,,,,,,,,,,,,,,,,,,,,,,,,,,,,,,,,,,,,,,,,,,,,,,
,,,,,Chicken Gravy,14000 steps,,,,,,,,,,,,,,,,,,,,,,,,,,,,,,,,,,,,,,,,,,,,,,,,,,,,,
,,,45811.0,143.6,2 Black Coffee,60 Bicep Curls,07:00:00,,,,,,,,,,,,,,,,,Brush,,,,,,,,,,,,,,,,,,5 lts,,,,,,,,,,,,,,,,,
,,,,,Chicken Gravy,11700 steps,,,,,,,,,,,,,,,,,,,,,,,,,,,,,,,,,,,,,,,,,,,,,,,,,,,,,
,,,,,Chicken Goujon,,,,,,,,,,,,,,,,,,,,,,,,,,,,,,,,,,,,,,,,,,,,,,,,,,,,,,
,,,,,4 Mutton Chops,,,,,,,,,,,,,,,,,,,,,,,,,,,,,,,,,,,,,,,,,,,,,,,,,,,,,,
,,,45812.0,144.2,Black Coffee,100 Bicep Curls,07:00:00,,,,,,,,,,,,,,,,,Brush,,,,,,,,,,,,,,,,,,6 lts,,,,,,,,,,,,,,,,,
,,,,,2 Electrolyte Drink,100 Shoulder Press,22:30:00,,,,,,,,,,,,,,,,,Bath,,,,,,,,,,,,,,,,,,,,,,,,,,,,,,,,,,,
,,,45813.0,142.2,2 Black Coffee,60 Bicep Curls,06:30:00,,,,,,,,,,,,,,,,,Brush,,,,,,,,,,,,,,,,,,6 lts,,,,,,,,,,,,,,,,,
,,,,,Chicken Gravy,10600 steps,,,,,,,,,,,,,,,,,,,,,,,,,,,,,,,,,,,,,,,,,,,,,,,,,,,,,
,,,,,Vitamin Water,,,,,,,,,,,,,,,,,,,,,,,,,,,,,,,,,,,,,,,,,,,,,,,,,,,,,,
,,,,,2 Veggie Crunch,,,,,,,,,,,,,,,,,,,,,,,,,,,,,,,,,,,,,,,,,,,,,,,,,,,,,,
,,,,,Chicken Bites,,,,,,,,,,,,,,,,,,,,,,,,,,,,,,,,,,,,,,,,,,,,,,,,,,,,,,
,,,,,Cookie Protein Bar,,,,,,,,,,,,,,,,,,,,,,,,,,,,,,,,,,,,,,,,,,,,,,,,,,,,,,
,,,45814.0,143.4,Black Coffee,60 Bicep Curls,09:00:00,,,,,,,,,,,,,,,,,Brush,,,,,,,,,,,,,,,,,,6 lts,,,,,,,,,,,,,,,,,
,,,,,30 Almonds,60 Single Arm Row,,,,,,,,,,,,,,,,,,,,,,,,,,,,,,,,,,,,,,,,,,,,,,,,,,,,,
,,,,,Chicken Gravy,13400 steps,,,,,,,,,,,,,,,,,,,,,,,,,,,,,,,,,,,,,,,,,,,,,,,,,,,,,
,,,,,Pizza,,,,,,,,,,,,,,,,,,,,,,,,,,,,,,,,,,,,,,,,,,,,,,,,,,,,,,
,,,45815.0,144.0,Black Coffee,100 Bicep Curls,08:00:00,,,,,,,,,,,,,,,,,Brush,,,,,,,,,,,,,,,,,,7 lts,,,,,,,,,,,,,,,,,
,,,,,6 Chicken Drumsticks,100 Punch,,,,,,,,,,,,,,,,,,,,,,,,,,,,,,,,,,,,,,,,,,,,,,,,,,,,,
,,,,,,15600 steps,,,,,,,,,,,,,,,,,,,,,,,,,,,,,,,,,,,,,,,,,,,,,,,,,,,,,
,,,45816.0,142.8,2 Black Coffee,60 Bicep Curls,07:00:00,,,,,,,,,,,,,,,,,Brush,,,,,,,,,,,,,,,,,,5 lts,10 minute meditation,Karthiga,Supervalu,3x Wet Wipes,2.55,,,,,,,,,,,,
,,,,,2 Electrolyte Drink,60 Shoulder Press,22:30:00,,,,,,,,,,,,,,,,,Bath,,,,,,,,,,,,,,,,,,,Kandha Sashti Kavasam,Parents,,Bin Liner,0.95,,,,,,,,,,,,
,,,,,Cod Liver Oil,60 Lateral Raises,,,,,,,,,,,,,,,,,,Vaccum,,,,,,,,,,,,,,,,,,,Itipiso Bhagava Araham Samma Sambuddho,Siddhi,,2x Kitchen Wipes,1.29,,,,,,,,,,,,
,,,,,35 Almonds,60 Single Arm Row,,,,,,,,,,,,,,,,,,,,,,,,,,,,,,,,,,,,,Hara Hara Sivane Arunachalane Annamalaye,,Dunnes,2x Shorts,24.0,,,,,,,,,,,,
,,,,,30 Cashews,60 Kettle Twists,,,,,,,,,,,,,,,,,,,,,,,,,,,,,,,,,,,,,Shanidev Aarthi,,,2x T-Shirt,12.0,,,,,,,,,,,,
,,,,,3 Brazil Nuts,60 Kettle Swings,,,,,,,,,,,,,,,,,,,,,,,,,,,,,,,,,,,,,,,,2L Water Bottle,8.0,,,,,,,,,,,,
,,,,,Spinach,20200 steps,,,,,,,,,,,,,,,,,,,,,,,,,,,,,,,,,,,,,,,Lidl,Cashew,1.99,,,,,,,,,,,,
,,,,,6 Chicken Drumsticks,,,,,,,,,,,,,,,,,,,,,,,,,,,,,,,,,,,,,,,,,,50.78,,,,,,,,,,,,
,,,45817.0,143.6,Black Coffee,100 Bicep Curls,07:00:00,,,,,,,,,,,,,,,,,Brush,,,,,,,,,,,,,,,,,,7 lts,15 minute meditation,Karthiga,Lidl,Vitamin Water,1.34,,,,,,,,,,,,
,,,,,2 Electrolyte Drink,60 Shoulder Press,22:00:00,,,,,,,,,,,,,,,,,Bath,,,,,,,,,,,,,,,,,,,Kandha Sashti Kavasam,,,Almonds,1.79,,,,,,,,,,,,
,,,,,Cod Liver Oil,60 Lateral Raises,,,,,,,,,,,,,,,,,,,,,,,,,,,,,,,,,,,,,Itipiso Bhagava Araham Samma Sambuddho,,Supervalu,Spinach and Kale,2.29,,,,,,,,,,,,
,,,,,70 Cashews,60 Single Arm Row,,,,,,,,,,,,,,,,,,,,,,,,,,,,,,,,,,,,,Hara Hara Sivane Arunachalane Annamalaye,,,,5.42,,,,,,,,,,,,
,,,,,20 Almonds,60 Kettle Twists,,,,,,,,,,,,,,,,,,,,,,,,,,,,,,,,,,,,,Shanidev Aarthi,,,,10.84,,,,,,,,,,,,
,,,,,Spinach and Kale,60 Kettle Swings,,,,,,,,,,,,,,,,,,,,,,,,,,,,,,,,,,,,,,,,,,,,,,,,,,,,,
,,,,,Chicken Gravy,11200 steps,,,,,,,,,,,,,,,,,,,,,,,,,,,,,,,,,,,,,,,,,,,,,,,,,,,,,
,,,45818.0,143.4,Black Coffee,60 Bicep Curls,07:00:00,,,,,,,,,,,,,,,,,Brush,,,,,,,,,,,,,,,,,,6 lts,15 minute meditation,Parents,Supervalu,Fanta Apple,2.3,,,,,,,,,,,,
,,,,,Electrolyte Drink,60 Shoulder Press,22:00:00,,,,,,,,,,,,,,,,,Bath,,,,,,,,,,,,,,,,,,,Kandha Sashti Kavasam,,,Sprite Zero,2.5,,,,,,,,,,,,
,,,,,Cod Liver Oil,60 Lateral Raises,,,,,,,,,,,,,,,,,,Charge watch,,,,,,,,,,,,,,,,,,,Shanidev Aarthi,,Dunnes,2L Water Bottle,8.0,,,,,,,,,,,,
,,,,,20 Almonds,60 Single Arm Row,,,,,,,,,,,,,,,,,,,,,,,,,,,,,,,,,,,,,,,,,12.8,,,,,,,,,,,,
,,,,,Spinach and Kale,60 Kettle Twists,,,,,,,,,,,,,,,,,,,,,,,,,,,,,,,,,,,,,,,,,,,,,,,,,,,,,
,,,,,Fanta Apple Flavour,10000 steps,,,,,,,,,,,,,,,,,,,,,,,,,,,,,,,,,,,,,,,,,,,,,,,,,,,,,
,,,,,Sprite Zero,,,,,,,,,,,,,,,,,,,,,,,,,,,,,,,,,,,,,,,,,,,,,,,,,,,,,,
,,,45819.0,142.8,2 Black Coffee,80 Bicep Curls,07:00:00,,,,,,,,,,,,,,,,,Brush,,,,,,,,,,,,,,,,,,8 lts,Meditation,Karthiga,Tesco,15 EUR recharge,15.0,,,,,,,,,,,,
,,,,,2 Electrolyte Drink,60 Shoulder Press,22:00:00,,,,,,,,,,,,,,,,,Bath,,,,,,,,,,,,,,,,,,,"108 ""Om Namah Shivaya"" chanting",Suresh Kumar,Lidl,Chicken Drumstick,6.06,,,,,,,,,,,,
,,,,,Cod Liver Oil,60 Lateral Raises,,,,,,,,,,,,,,,,,,,,,,,,,,,,,,,,,,,,,Kandha Sashti Kavasam,,,Coriander,,,,,,,,,,,,,
,,,,,43 Almonds,60 Single Arm Row,,,,,,,,,,,,,,,,,,,,,,,,,,,,,,,,,,,,,Itipiso Bhagava Araham Samma Sambuddho,,,Mint,,,,,,,,,,,,,
,,,,,Spinach and Kale,60 Kettle Twists,,,,,,,,,,,,,,,,,,,,,,,,,,,,,,,,,,,,,Hara Hara Sivane Arunachalane Annamalaye,,,Tomato,,,,,,,,,,,,,
,,,,,Chicken Gravy,80 Kettle Swings,,,,,,,,,,,,,,,,,,,,,,,,,,,,,,,,,,,,,Shanidev Aarthi,,,,,,,,,,,,,,,,
,,,45820.0,142.0,2 Black Coffee,60 Bicep Curls,07:00:00,,,,,,,,,,,,,,,,,Brush,,,,,,,,,,,,,,,,,,8 lts,20 minute meditation,Parents,,,,,,,,,,,,,,,
,,,,,2 Electrolyte Drink,60 Shoulder Press,22:00:00,,,,,,,,,,,,,,,,,Bath,,,,,,,,,,,,,,,,,,,Kandha Sashti Kavasam,,,,,,,,,,,,,,,,
,,,,,Cod Liver Oil,60 Lateral Raises,,,,,,,,,,,,,,,,,,Wash Clothes,,,,,,,,,,,,,,,,,,,,,,,,,,,,,,,,,,,
,,,45821.0,141.8,Black Coffee,60 Bicep Curls,07:00:00,,,,,,,,,,,,,,,,,Brush,,,,,,,,,,,,,,,,,,10 lts,20 minute meditation,Karthiga,Supervalu,Sprite Zero,2.75,,,,,,,,,,,,
,,,,,3 Electrolyte Drink,60 Shoulder Press,22:00:00,,,,,,,,,,,,,,,,,Bath,,,,,,,,,,,,,,,,,,,Kandha Sashti Kavasam,Parents,Lidl,Spinach,3.77,,,,,,,,,,,,
,,,,,Cod Liver Oil,60 Lateral Raises,,,,,,,,,,,,,,,,,,,,,,,,,,,,,,,,,,,,,Hara Hara Sivane,,,Veggie Protein Crunch,,,,,,,,,,,,,
,,,,,25 Almonds,60 Single Arm Row,,,,,,,,,,,,,,,,,,,,,,,,,,,,,,,,,,,,,Bhagavat Gita - Nithyananda,,,Hand soap,,,,,,,,,,,,,
,,,,,Spinach and Kale,60 Kettle Twists,,,,,,,,,,,,,,,,,,,,,,,,,,,,,,,,,,,,,,,Eurospar,2 Chicken,11.0,,,,,,,,,,,,
,,,,,6 Chicken Drumsticks,60 Kettle Swings,,,,,,,,,,,,,,,,,,,,,,,,,,,,,,,,,,,,,,,,,,,,,,,,,,,,,
,,,,,Veggie Protein Crunch,15400 steps,,,,,,,,,,,,,,,,,,,,,,,,,,,,,,,,,,,,,,,,,,,,,,,,,,,,,
,,,45822.0,140.2,2 Black Coffee,100 Bicep Curls,07:00:00,,,,,,,,,,,,,,,,,Brush,,,,,,,,,,,,,,,,,,6 lts,20 minute meditation,Parents,Dunnes,2 T Shirt,36.0,,,,,,,,,,,,
,,,,,3 Electrolyte Drink,100 Shoulder Press,22:00:00,,,,,,,,,,,,,,,,,Bath,,,,,,,,,,,,,,,,,,,"""Om Tare Tu Tare Ture Soha"" Chanting",,,2 Shorts,,,,,,,,,,,,,
,,,,,Cod Liver Oil,100 Lateral Raises,,,,,,,,,,,,,,,,,,Vaccum,,,,,,,,,,,,,,,,,,,Devotional songs,,Supervalu,Sprite Zero,1.75,,,,,,,,,,,,
,,,,,45 Almonds,60 Single Arm Row,,,,,,,,,,,,,,,,,,,,,,,,,,,,,,,,,,,,,Hinduism & Buddhism,,Lidl,Vitamin Water,4.33,,,,,,,,,,,,
,,,,,Spinach,60 Kettle Twists,,,,,,,,,,,,,,,,,,,,,,,,,,,,,,,,,,,,,,,,Colgate Toothbrush,,,,,,,,,,,,,
,,,,,Vitamin Water,16300 steps,,,,,,,,,,,,,,,,,,,,,,,,,,,,,,,,,,,,,,,,,,,,,,,,,,,,,
,,,45823.0,140.6,2 Black Coffee,60 Bicep Curls,07:30:00,,,,,,,,,,,,,,,,,Brush,,,,,,,,,,,,,,,,,,8 lts,40 minutes meditation,,,,,,,,,,,,,,,,
,,,,,3 Electrolyte Drink,60 Shoulder Press,23:59:00,,,,,,,,,,,,,,,,,Bath,,,,,,,,,,,,,,,,,,,"""Om Tare Tu Tare Ture Soha"" Chanting",,,,,,,,,,,,,,,,
,,,,,Cod Liver Oil,60 Lateral Raises,,,,,,,,,,,,,,,,,,,,,,,,,,,,,,,,,,,,,Devotional songs,,,,,,,,,,,,,,,,
,,,,,,10800 steps,,,,,,,,,,,,,,,,,,,,,,,,,,,,,,,,,,,,,,,,,,,,,,,,,,,,,
,,,45824.0,140.0,Black Coffee,100 Bicep Curls,06:00:00,,,,,,,,,,,,,,,,,Brush,,,,,,,,,,,,,,,,,,6 lts,20 minute meditation,Parents,Supervalu,Sprite Zero,2.75,,,,,,,,,,,,
,,,,,3 Electrolyte Drink,100 Shoulder Press,22:00:00,,,,,,,,,,,,,,,,,Bath,,,,,,,,,,,,,,,,,,,Devotional songs,,,,,,,,,,,,,,,,
,,,,,,10900 steps,,,,,,,,,,,,,,,,,,,,,,,,,,,,,,,,,,,,,,,,,,,,,,,,,,,,,
,,,45825.0,139.8,2 Black Coffee,60 Bicep Curls,08:05:00,,,,,,,,,,,,,,,,,Brush,,,,,,,,,,,,,,,,,,9 lts,15 minute meditation,Siddhi,Supervalu,Charcoal Toothpaste,12.89,,,,,,,,,,,,
,,,,,3 Electrolyte Drink,60 Shoulder Press,22:30:00,,,,,,,,,,,,,,,,,Bath,,,,,,,,,,,,,,,,,,,"""Om Tare Tu Tare Ture Soha"" Chanting",,,Spinach,,,,,,,,,,,,,
,,,,,Cod Liver Oil,60 Lateral Raises,,,,,,,,,,,,,,,,,,Watered plants,,,,,,,,,,,,,,,,,,,Kandha Shasti Kavasam,,,Electrolyte,,,,,,,,,,,,,
,,,,,20 Almonds,60 Single Arm Row,,,,,,,,,,,,,,,,,,,,,,,,,,,,,,,,,,,,,Hara Hara Shivane,,,,,,,,,,,,,,,,
,,,,,Spinach,60 Kettle Twists,,,,,,,,,,,,,,,,,,,,,,,,,,,,,,,,,,,,,Aigiri Nandhini,,,,,,,,,,,,,,,,
,,,,,Curd,60 Kettle Swings,,,,,,,,,,,,,,,,,,,,,,,,,,,,,,,,,,,,,Thillai Vaazh Andhanar,,,,,,,,,,,,,,,,
,,,,,Chicken Gravy,13600 steps,,,,,,,,,,,,,,,,,,,,,,,,,,,,,,,,,,,,,Alai Alai,,,,,,,,,,,,,,,,
,,,45826.0,139.6,Black Coffee,60 Bicep Curls,06:20:00,,,,,,,,,,,,,,,,,Brush,,,,,,,,,,,,,,,,,,7 lts,15 minute meditation,Parents,Supervalu,7 up pink,2.5,,,,,,,,,,,,
,,,,,Electrolyte Drink,60 Shoulder Press,22:00:00,,,,,,,,,,,,,,,,,Bath,,,,,,,,,,,,,,,,,,,"""Om Tare Tu Tare Ture Soha"" Chanting",Karthiga,Eurospar,Ginger garlic paste,5.07,,,,,,,,,,,,
,,,,,Cod Liver Oil,60 Lateral Raises,06:45:00,,,,,,,,,,,,,,,,,,,,,,,,,,,,,,,,,,,,Gayatri Mantra Chanting,,,chilli,,,,,,,,,,,,,
,,,,,20 Almonds,60 Single Arm Row,10:00:00,,,,,,,,,,,,,,,,,,,,,,,,,,,,,,,,,,,,,,,Fanta Apple,2.1,,,,,,,,,,,,
,,,,,Spinach,60 Kettle Twists,,,,,,,,,,,,,,,,,,,,,,,,,,,,,,,,,,,,,,,,2 Chicken,17.09,,,,,,,,,,,,
,,,,,Curd,60 Kettle Swings,,,,,,,,,,,,,,,,,,,,,,,,,,,,,,,,,,,,,,,,Mutton chops,,,,,,,,,,,,,
,,,,,Chicken Gravy,12400 steps,,,,,,,,,,,,,,,,,,,,,,,,,,,,,,,,,,,,,,,China House,Siu Mai,8.4,,,,,,,,,,,,
,,,,,7 up pink,,,,,,,,,,,,,,,,,,,,,,,,,,,,,,,,,,,,,,,,,,,,,,,,,,,,,,
,,,,,Nankhatai,,,,,,,,,,,,,,,,,,,,,,,,,,,,,,,,,,,,,,,,,,,,,,,,,,,,,,
,,,,,Siu Mai Dumplings,,,,,,,,,,,,,,,,,,,,,,,,,,,,,,,,,,,,,,,,,,,,,,,,,,,,,,
,,,45827.0,140.0,2 Black Coffee,60 Bicep Curls,Wake up: 06:00,,,,,,,,,,,,,,,,,Brush,,,,,,,,,,,,,,,,,,12 lts,15 minute meditation,Parents,,,,,,,,,,,,,,,
,,,,,2 Electrolyte Drink,60 Shoulder Press,Eating start: 06:30,,,,,,,,,,,,,,,,,Bath,,,,,,,,,,,,,,,,,,,Gayatri Mantra Chanting,Avva,,,,,,,,,,,,,,,
,,,,,Cod Liver Oil,60 Lateral Raises,Eating end: 11:00,,,,,,,,,,,,,,,,,Watered plants,,,,,,,,,,,,,,,,,,,Devotional songs,,,,,,,,,,,,,,,,
,,,,,20 Almonds,60 Single Arm Row,Sleep: 22:45,,,,,,,,,,,,,,,,,Clothes wash,,,,,,,,,,,,,,,,,,,Dharma talks,,,,,,,,,,,,,,,,
,,,,,1 Mutton Chops,14600 steps,,,,,,,,,,,,,,,,,,,,,,,,,,,,,,,,,,,,,,,,,,,,,,,,,,,,,
,,,45828.0,138.6,Black Coffee,60 Bicep Curls,Wake up: 06:00,,,,,,,,,,,,,,,,,Brush,,,,,,,,,,,,,,,,,,10 lts,15 minute meditation,Parents,Lidl,Body Lotion,1.99,,,,,,,,,,,,
,,,,,2 Electrolyte Drink,60 Shoulder Press,Eating start: 06:00,,,,,,,,,,,,,,,,,Bath,,,,,,,,,,,,,,,,,,,Devotional songs,Karthiga,,Baby Leaf spinach,1.45,,,,,,,,,,,,
,,,,,Cod Liver Oil,60 Lateral Raises,Eating end: 20:30,,,,,,,,,,,,,,,,,,,,,,,,,,,,,,,,,,,,Spiritual discourses,,,Vegetable Dumplings,2.99,,,,,,,,,,,,
,,,,,65 Almonds,60 Single Arm Row,Sleep: 22:00,,,,,,,,,,,,,,,,,,,,,,,,,,,,,,,,,,,,,,,Smoked Tofu,1.99,,,,,,,,,,,,
,,,,,Spinach,60 Kettle Twists,,,,,,,,,,,,,,,,,,,,,,,,,,,,,,,,,,,,,,,,Nori Sheets,1.49,,,,,,,,,,,,
,,,,,4 Mutton Chops,60 Kettle Swings,,,,,,,,,,,,,,,,,,,,,,,,,,,,,,,,,,,,,,,,Chicken Stock Cubes,0.49,,,,,,,,,,,,
,,,,,Vitamin Water,12000 steps,,,,,,,,,,,,,,,,,,,,,,,,,,,,,,,,,,,,,,,,Vitamin Water,1.19,,,,,,,,,,,,
,,,,,Vegetable Dumplings,,,,,,,,,,,,,,,,,,,,,,,,,,,,,,,,,,,,,,,,,Miso Paste,2.49,,,,,,,,,,,,
,,,,,Miso Soup,,,,,,,,,,,,,,,,,,,,,,,,,,,,,,,,,,,,,,,,,,,,,,,,,,,,,,
,,,45829.0,140.6,2 Black Coffee,60 Bicep Curls,Wake up: 6:00,,,,,,,,,,,,,,,,,Brush,,,,,,,,,,,,,,,,,,10 lts,15 minute meditation,Parents,Supervalu,7 up pink,2.5,,,,,,,,,,,,
,,,,,3 Electrolyte Drink,60 Shoulder Press,Eat start: 8:00,,,,,,,,,,,,,,,,,Bath,,,,,,,,,,,,,,,,,,,Devotional songs,,,Club Tropical,2.5,,,,,,,,,,,,
,,,,,Cod Liver Oil,60 Lateral Raises,Eat end: 13:00,,,,,,,,,,,,,,,,,Trimmed Beard,,,,,,,,,,,,,,,,,,,Spiritual discourses,,Lidl,Veggie Protein Crunch,0.99,,,,,,,,,,,,
,,,,,20 Almonds,60 Single Arm Row,!Sleep: 22:00,,,,,,,,,,,,,,,,,,,,,,,,,,,,,,,,,,,,,,,Amazon Prime,10.54,,,,,,,,,,,,
,,,,,7 up pink,12500 steps,,,,,,,,,,,,,,,,,,,,,,,,,,,,,,,,,,,,,,,,,,,,,,,,,,,,,
,,,45830.0,138.6,,60 Bicep Curls,06:00:00,Brush,Cod Liver Oil,,,,,,,,,,,,,,,,,,,,,,,,,,,,,,,,,,,,,,,12.0,08:00:00,,,,,,,,,,
,,,,,,60 Shoulder Press,22:45:00,Bath,2 Electrolyte Drink,,,,,,,,,,,,,,,,,,,,,,,,,,,,,,,,,,,,,,,,19:00:00,,,,,,,,,,
,,,,,,60 Lateral Raises,,,2 Coffee,,,,,,,,,,,,,,,,,,,,,,,,,,,,,,,,,,,,,,,,,,,,,,,,,,
,,,,,,60 Single Arm Row,,,55 Almonds,,,,,,,,,,,,,,,,,,,,,,,,,,,,,,,,,,,,,,,,,,,,,,,,,,
,,,,,,60 Kettle Swings,,,Chicken gravy,,,,,,,,,,,,,,,,,,,,,,,,,,,,,,,,,,,,,,,,,,,,,,,,,,
,,,45831.0,137.4,,60 Bicep Curls,06:00:00,Brush,2 Coffee,,,,,,,,,,,,,,,,,,,,,,,,,,,,,,,,,,,,,,,10.0,08:00:00,,,,,,,,,,
,,,,,,60 Shoulder Press,22:45:00,Bath,2 Electrolyte Drink,,,,,,,,,,,,,,,,,,,,,,,,,,,,,,,,,,,,,,,,20:00:00,,,,,,,,,,
,,,,,,60 Single Arm Row,,,40 Almonds,,,,,,,,,,,,,,,,,,,,,,,,,,,,,,,,,,,,,,,,,,,,,,,,,,
,,,45832.0,139.2,,60 Bicep Curls,06:00:00,Brush,2 Black Coffee,,,,,,,,,,,,,,,,,,,,,,,,,,,,,,,,,,,,,,,12.0,09:00:00,,,,,,,,,,
,,,,,,60 Shoulder Press,23:45:00,Bath,3 Electrolyte Drink,,,,,,,,,,,,,,,,,,,,,,,,,,,,,,,,,,,,,,,,15:00:00,,,,,,,,,,
,,,,,,80 Lateral Raises,,,Cod Liver Oil,,,,,,,,,,,,,,,,,,,,,,,,,,,,,,,,,,,,,,,,,,,,,,,,,,
,,,,,,14700 steps,,,,,,,,,,,,,,,,,,,,,,,,,,,,,,,,,,,,,,,,,,,,,,,,,,,,,
,,,45833.0,136.6,,60 Bicep Curls,08:00:00,Brush,Black Coffee,,,,,,,,,,,,,,,,,,,,,,,,,,,,,,,,,,,,,,,8.0,09:00:00,,,,,,,,,,
,,,,,,60 Shoulder Press,22:00:00,Bath,Electrolyte Drink,,,,,,,,,,,,,,,,,,,,,,,,,,,,,,,,,,,,,,,,11:30:00,,,,,,,,,,
,,,,,,15900 steps,,,Mas+ drink,,,,,,,,,,,,,,,,,,,,,,,,,,,,,,,,,,,,,,,,,,,,,,,,,,
,,,45834.0,136.4,,60 Bicep Curls,,Bruth,Black Coffee,,,,,,,,,,,,,,,,,,,,,,,,,,,,,,,,,,,,,,,8.0,,,,,,,,,,,
,,,,,,60 Shoulder Press,,,Electrolyte Drink,,,,,,,,,,,,,,,,,,,,,,,,,,,,,,,,,,,,,,,,,,,,,,,,,,
,,,,,,10000 steps,,,Mas+ drink,,,,,,,,,,,,,,,,,,,,,,,,,,,,,,,,,,,,,,,,,,,,,,,,,,
,,,,,,,,,Pumpkin seeds,,,,,,,,,,,,,,,,,,,,,,,,,,,,,,,,,,,,,,,,,,,,,,,,,,
,,,45858.0,132.0,8L water,100 Bicep Curls,,Brush,,,,,,,,,,,,,,,,,,,,,,,,,,,,,,,,,,,,,,,,,,,,,,,,,,,
,,,,,Black Coffee,100 Shoulder Press,,Bath,,,,,,,,,,,,,,,,,,,,,,,,,,,,,,,,,,,,,,,,,,,,,,,,,,,
,,,,,Green Tea,60 Single Arm Row,,Vaccum room,,,,,,,,,,,,,,,,,,,,,,,,,,,,,,,,,,,,,,,,,,,,,,,,,,,
,,,,,2 Electrolyte Drink,60 Lateral Raises,,Vaccum stairs,,,,,,,,,,,,,,,,,,,,,,,,,,,,,,,,,,,,,,,,,,,,,,,,,,,
,,,,,Cod Liver Oil,60 Kettle Twists,,Vaccum washroom,,,,,,,,,,,,,,,,,,,,,,,,,,,,,,,,,,,,,,,,,,,,,,,,,,,
,,,,,40 Pumpkin seeds,60 Kettle Swings,,,,,,,,,,,,,,,,,,,,,,,,,,,,,,,,,,,,,,,,,,,,,,,,,,,,,
,,,,,100 Cashew Nuts,11700 steps,,,,,,,,,,,,,,,,,,,,,,,,,,,,,,,,,,,,,,,,,,,,,,,,,,,,,
,,,,,Aloo Paratha,,,,,,,,,,,,,,,,,,,,,,,,,,,,,,,,,,,,,,,,,,,,,,,,,,,,,,
,,,45837.0,135.0,4L water,60 Bicep Curls,06:00:00,,,,,,,,,,,,,,,,,,,,,,,,,,,,,,,,,,,,,,,,,,,09:00:00,,,,,,,,,
,,,,,Electrolyte Drink,60 Shoulder Press,22:00:00,,,,,,,,,,,,,,,,,,,,,,,,,,,,,,,,,,,,,,,,,,,13:00:00,,,,,,,,,
,,,,,50 Pumpkin seeds,,,,,,,,,,,,,,,,,,,,,,,,,,,,,,,,,,,,,,,,,,,,,,,,,,,,,,
,,,45851.0,134.4,2 Black Coffee,60 Bicep Curls,,,,,,,,,,,,,,,,,,,,,,,,,,,,,,,,,,,,,,,,,,,,,,,,,,,,,
,,,,,20 Pumpkin seeds,60 Lateral Raises,,,,,,,,,,,,,,,,,,,,,,,,,,,,,,,,,,,,,,,,,,,,,,,,,,,,,
,,,,,8L water,,,,,,,,,,,,,,,,,,,,,,,,,,,,,,,,,,,,,,,,,,,,,,,,,,,,,,
,,,45855.0,132.2,8L water,60 Bicep Curls,,,,,,,,,,,,,,,,,,,,,,,,,,,,,,,,,,,,,,,,,,,,,,,,,,,,,
,,,,,3 Electrolyte Drink,60 Lateral Raises,,,,,,,,,,,,,,,,,,,,,,,,,,,,,,,,,,,,,,,,,,,,,,,,,,,,,
,,,,,260 Pumpkin seeds,60 Kettle Twists,,,,,,,,,,,,,,,,,,,,,,,,,,,,,,,,,,,,,,,,,,,,,,,,,,,,,
,,,,,40 Almonds,60 Kettle Swings,,,,,,,,,,,,,,,,,,,,,,,,,,,,,,,,,,,,,,,,,,,,,,,,,,,,,
,,,,,Spinach,8300 steps,,,,,,,,,,,,,,,,,,,,,,,,,,,,,,,,,,,,,,,,,,,,,,,,,,,,,
,,,,,2 Aloo Tikki,,,,,,,,,,,,,,,,,,,,,,,,,,,,,,,,,,,,,,,,,,,,,,,,,,,,,,
,,,45856.0,131.4,10L water,100 Bicep Curls,,,,,,,,,,,,,,,,,,,,,,,,,,,,,,,,,,,,,,,,,,,,,,,,,,,,,
,,,,,Black Coffee,100 Shoulder Press,,,,,,,,,,,,,,,,,,,,,,,,,,,,,,,,,,,,,,,,,,,,,,,,,,,,,
,,,,,Whey Protein,60 Lateral Raises,,,,,,,,,,,,,,,,,,,,,,,,,,,,,,,,,,,,,,,,,,,,,,,,,,,,,
,,,,,Cod Liver Oil,60 Kettle Twists,,,,,,,,,,,,,,,,,,,,,,,,,,,,,,,,,,,,,,,,,,,,,,,,,,,,,
,,,,,390 Pumpkin seeds,60 Kettle Swings,,,,,,,,,,,,,,,,,,,,,,,,,,,,,,,,,,,,,,,,,,,,,,,,,,,,,
,,,,,20 Almonds,10000 steps,,,,,,,,,,,,,,,,,,,,,,,,,,,,,,,,,,,,,,,,,,,,,,,,,,,,,
,,,,,Coke Zero Vanilla,,,,,,,,,,,,,,,,,,,,,,,,,,,,,,,,,,,,,,,,,,,,,,,,,,,,,,
,,,45857.0,131.0,6L water,100 Bicep Curls,,,,,,,,,,,,,,,,,,,,,,,,,,,,,,,,,,,,,,,,,,,,,,,,,,,,,
,,,,,3 Electrolyte Drink,100 Shoulder Press,,,,,,,,,,,,,,,,,,,,,,,,,,,,,,,,,,,,,,,,,,,,,,,,,,,,,
,,,,,2 Black Coffee,60 Single Arm Row,,,,,,,,,,,,,,,,,,,,,,,,,,,,,,,,,,,,,,,,,,,,,,,,,,,,,
,,,,,20 Almonds,60 Kettle Swings,,,,,,,,,,,,,,,,,,,,,,,,,,,,,,,,,,,,,,,,,,,,,,,,,,,,,
,,,,,40 Cashews,8700 steps,,,,,,,,,,,,,,,,,,,,,,,,,,,,,,,,,,,,,,,,,,,,,,,,,,,,,
,,,,,160 Pumpkin seeds,,,,,,,,,,,,,,,,,,,,,,,,,,,,,,,,,,,,,,,,,,,,,,,,,,,,,,
,,,,,Radish Paratha,,,,,,,,,,,,,,,,,,,,,,,,,,,,,,,,,,,,,,,,,,,,,,,,,,,,,,
,,,45846.0,133.4,Cod Liver Oil,60 Bicep Curls,06:00:00,,,,,,,,,,,,,,,,,,,,,,,,,,,,,,,,,,Brush,,,,,,,,09:00:00,,,,,,,,,,
,,,,,Electrolyte Drink,60 Shoulder Press,22:00:00,,,,,,,,,,,,,,,,,,,,,,,,,,,,,,,,,,Bath,,,,,,,,13:00:00,,,,,,,,,,
,,,,,Rice and Chicken Gravy,60 Kettle Twists,,,,,,,,,,,,,,,,,,,,,,,,,,,,,,,,,,,,,,,,,,,,,,,,,,,,,
,,,45854.0,131.6,8L water,100 Bicep Curls,,,,,,,,,,,,,,,,,,,,,,,,,,,,,,,,,,,,,,,,,,,,,,,,,,,,,
,,,,,2 Black Coffee,100 Shoulder Press,,,,,,,,,,,,,,,,,,,,,,,,,,,,,,,,,,,,,,,,,,,,,,,,,,,,,
,,,,,2 Electrolyte Drink,100 Lateral Raises,,,,,,,,,,,,,,,,,,,,,,,,,,,,,,,,,,,,,,,,,,,,,,,,,,,,,
,,,,,Cod Liver Oil,20 Single Arm Row,,,,,,,,,,,,,,,,,,,,,,,,,,,,,,,,,,,,,,,,,,,,,,,,,,,,,
,,,,,400 Pumpkin seeds,,,,,,,,,,,,,,,,,,,,,,,,,,,,,,,,,,,,,,,,,,,,,,,,,,,,,,
,,,,,Chicken Wings,,,,,,,,,,,,,,,,,,,,,,,,,,,,,,,,,,,,,,,,,,,,,,,,,,,,,,
,,,45841.0,134.2,Black Coffee,,,,,,,,,,,,,,,,,,,,,100 Bicep Curls,,,,,,,,,,,,,,,,,,,,,,,,,,,,,,,,,
,,,,,Electrolyte Drink,,,,,,,,,,,,,,,,,,,,,100 Shoulder Press,,,,,,,,,,,,,,,,,,,,,,,,,,,,,,,,,
,,,,,Cod Liver Oil,,,,,,,,,,,,,,,,,,,,,60 Lateral Raises,,,,,,,,,,,,,,,,,,,,,,,,,,,,,,,,,
,,,,,40 Almonds,,,,,,,,,,,,,,,,,,,,,40 Single Arm Row,,,,,,,,,,,,,,,,,,,,,,,,,,,,,,,,,
,,,,,4L water,,,,,,,,,,,,,,,,,,,,,,,,,,,,,,,,,,,,,,,,,,,,,,,,,,,,,,
,,,45849.0,133.2,8L water,80 Bicep Curls,08:30:00,,,,,,,,,,,,,,,,,,,,,,,,,,,,,,,,,,Brush,,,,,,,,,,09:00:00,,,,,,,,
,,,,,2 Black Coffee,60 Shoulder Press,22:00:00,,,,,,,,,,,,,,,,,,,,,,,,,,,,,,,,,,Bath,,,,,,,,,,13:00:00,,,,,,,,
,,,,,2 Electrolyte Drink,60 Lateral Raises,,,,,,,,,,,,,,,,,,,,,,,,,,,,,,,,,,,,,,,,,,,,,,,,,,,,,
,,,,,330 Pumpkin seeds,60 Kettle Twists,,,,,,,,,,,,,,,,,,,,,,,,,,,,,,,,,,,,,,,,,,,,,,,,,,,,,
,,,,,Spinach,10000 steps,,,,,,,,,,,,,,,,,,,,,,,,,,,,,,,,,,,,,,,,,,,,,,,,,,,,,
,,,,,Protein Shake,,,,,,,,,,,,,,,,,,,,,,,,,,,,,,,,,,,,,,,,,,,,,,,,,,,,,,
,,,,,7 up Zero,,,,,,,,,,,,,,,,,,,,,,,,,,,,,,,,,,,,,,,,,,,,,,,,,,,,,,
,,,,,Roasted Nuts,,,,,,,,,,,,,,,,,,,,,,,,,,,,,,,,,,,,,,,,,,,,,,,,,,,,,,
,,,45842.0,136.2,,60 Bicep Curls,,,,,,Black Coffee,,,,,,,,,,,,,,,,,,,,,,,,,,,,,,,,,,,,,,,,,,,,,,,
,,,,,,60 Shoulder Press,,,,,,Electrolyte Drink,,,,,,,,,,,,,,,,,,,,,,,,,,,,,,,,,,,,,,,,,,,,,,,
,,,,,,20 Lateral Raises,,,,,,Cod Liver Oil,,,,,,,,,,,,,,,,,,,,,,,,,,,,,,,,,,,,,,,,,,,,,,,
,,,,,,,,,,,,50 Pumpkin Seeds,,,,,,,,,,,,,,,,,,,,,,,,,,,,,,,,,,,,,,,,,,,,,,,
,,,,,,,,,,,,20 Almonds,,,,,,,,,,,,,,,,,,,,,,,,,,,,,,,,,,,,,,,,,,,,,,,
,,,,,,,,,,,,Chicken Gravy,,,,,,,,,,,,,,,,,,,,,,,,,,,,,,,,,,,,,,,,,,,,,,,
,,,45847.0,134.0,8L water,100 Bicep Curls,06:00:00,,,,,,,,,,,,,,,,,,,,,,,,,,,,,,,,,,,,,,,,,,,,09:00:00,,,,,,,,
,,,,,2 Black Coffee,120 Shoulder Press,22:00:00,,,,,,,,,,,,,,,,,,,,,,,,,,,,,,,,,,,,,,,,,,,,13:00:00,,,,,,,,
,,,,,Cod Liver Oil,60 Shoulder Raises,,,,,,,,,,,,,,,,,,,,,,,,,,,,,,,,,,,,,,,,,,,,,,,,,,,,,
,,,,,Chicken Gravy,11300 steps,,,,,,,,,,,,,,,,,,,,,,,,,,,,,,,,,,,,,,,,,,,,,,,,,,,,,
,,,45848.0,133.8,8L water,120 Bicep Curls,,,,,,,,,,,,,,,,,,,,,,,,,,,,,,,,,,,,,,,,,,,,,,,,,,,,,
,,,,,2 Black Coffee,120 Shoulder Press,,,,,,,,,,,,,,,,,,,,,,,,,,,,,,,,,,,,,,,,,,,,,,,,,,,,,
,,,,,Electrolyte Drink,120 Lateral Raises,,,,,,,,,,,,,,,,,,,,,,,,,,,,,,,,,,,,,,,,,,,,,,,,,,,,,
,,,,,50 Pumpkin seeds,60 Kettle Twists,,,,,,,,,,,,,,,,,,,,,,,,,,,,,,,,,,,,,,,,,,,,,,,,,,,,,
,,,,,20 Almonds,30 Kettle Swings,,,,,,,,,,,,,,,,,,,,,,,,,,,,,,,,,,,,,,,,,,,,,,,,,,,,,
,,,45840.0,134.2,4L water,60 Bicep Curls,08:30:00,,,,,,,,,,,,,,,,,,,,,,,,,,,,,,,,,,,,,,,,,,,09:00:00,,,,,,,,,
,,,,,Electrolyte Drink,60 Shoulder Press,,,,,,,,,,,,,,,,,,,,,,,,,,,,,,,,,,,,,,,,,,,,13:00:00,,,,,,,,,
,,,,,Black Coffee,60 Kettle Twists,,,,,,,,,,,,,,,,,,,,,,,,,,,,,,,,,,,,,,,,,,,,,,,,,,,,,
,,,,,150 Pumpkin Seeds,60 Kettle Swings,,,,,,,,,,,,,,,,,,,,,,,,,,,,,,,,,,,,,,,,,,,,,,,,,,,,,
,,,,,Baby Leaves,14700 steps,,,,,,,,,,,,,,,,,,,,,,,,,,,,,,,,,,,,,,,,,,,,,,,,,,,,,
,,,,,5 Chicken Drumsticks,,,,,,,,,,,,,,,,,,,,,,,,,,,,,,,,,,,,,,,,,,,,,,,,,,,,,,
,,,45853.0,133.0,2 Black Coffee,60 Bicep Curls,,,,,,,,,,,,,,,,,,,,,,,,,,,,,,,,,,,,,,,,,,,,,,,,,,,,,
,,,,,20 Pumpkin seeds,60 Kettle Twists,,,,,,,,,,,,,,,,,,,,,,,,,,,,,,,,,,,,,,,,,,,,,,,,,,,,,
,,,45838.0,135.6,Black Coffee,80 Bicep Curls,06:00:00,Brush,,,,,,,,,,,,,,,,,,,,,,,,,,,,,,,,,,,,,,,,,,09:00:00,,,,,,,,,
,,,,,Electrolyte Drink,60 Shoulder Press,22:00:00,Bath,,,,,,,,,,,,,,,,,,,,,,,,,,,,,,,,,,,,,,,,,,13:00:00,,,,,,,,,
,,,,,50 Pumpkin Seeds,60 Kettle Twists,,,,,,,,,,,,,,,,,,,,,,,,,,,,,,,,,,,,,,,,,,,,,,,,,,,,,
,,,,,Baby Leaves,10900 steps,,,,,,,,,,,,,,,,,,,,,,,,,,,,,,,,,,,,,,,,,,,,,,,,,,,,,
,,,45863.0,131.0,12L water,100 Bicep Curls,,,,,,,,,,,,,,,,,,Brush,,,,,,,,,,,,,,,,,,,,,,,,,,,,,,,,,,,
,,,,,2 Electrolyte Drink,100 Shoulder Press,,,,,,,,,,,,,,,,,,Bath,,,,,,,,,,,,,,,,,,,,,,,,,,,,,,,,,,,
,,,,,85 Almonds,60 Kettle Twists,,,,,,,,,,,,,,,,,,,,,,,,,,,,,,,,,,,,,,,,,,,,,,,,,,,,,
,,,45864.0,129.6,4L water,100 Bicep Curls,,,,,,,,,,,,,,,,,,Brush,,,,,,,,,,,,,,,,,,,,,,,,,,,,,,,,,,,
,,,,,Electrolyte Drink,100 Shoulder Press,,,,,,,,,,,,,,,,,,Bath,,,,,,,,,,,,,,,,,,,,,,,,,,,,,,,,,,,
,,,,,Bulletproof Coffee,60 Shoulder Press,,,,,,,,,,,,,,,,,,,,,,,,,,,,,,,,,,,,,,,,,,,,,,,,,,,,,
,,,,,90 Almonds,40 Kettle Swings,,,,,,,,,,,,,,,,,,,,,,,,,,,,,,,,,,,,,,,,,,,,,,,,,,,,,
,,,45843,,,,,,,,,,,,,,,,,,,,,,,,3 masturbation,,,,,,,,,,,,,,,,,,,,,,,,,,,,,,,,
,,,45844,,,,,,,,,,,,,,,,,,,,,,,,2 masturbation,,,,,,,,,,,,,,,,,,,,,,,,,,,,,,,,
,,,45843.0,135.0,2 Black Coffee,60 Bicep Curls,06:00:00,,,,,,,,,,,,,,,,,,,,,,,,,,,,,,,,,,Brush,,,,,,,,,09:00:00,,,,,,,,,
,,,,,2 Electrolyte Drink,60 Shoulder Press,22:00:00,,,,,,,,,,,,,,,,,,,,,,,,,,,,,,,,,,Bath,,,,,,,,,13:00:00,,,,,,,,,
,,,,,7 up zero,100 Lateral Raises,,,,,,,,,,,,,,,,,,,,,,,,,,,,,,,,,,,Clean clothes,,,,,,,,,,,,,,,,,,
,,,,,Vitamin Water,60 Single Arm Row,,,,,,,,,,,,,,,,,,,,,,,,,,,,,,,,,,,Vaccum house,,,,,,,,,,,,,,,,,,
,,,,,10L water,60 Kettle Twists,,,,,,,,,,,,,,,,,,,,,,,,,,,,,,,,,,,,,,,,,,,,,,,,,,,,,
,,,,,50 Pumpkin seeds,12300 steps,,,,,,,,,,,,,,,,,,,,,,,,,,,,,,,,,,,,,,,,,,,,,,,,,,,,,
,,,,,Rice with pepper chicken,,,,,,,,,,,,,,,,,,,,,,,,,,,,,,,,,,,,,,,,,,,,,,,,,,,,,,
,,,45844.0,135.0,Black Coffee,60 Bicep Curls,06:00:00,,,,,,,,,,,,,,,,,,,,,,,,,,,,,,,,,,Brush,,,,,,,,,09:00:00,,,,,,,,,
,,,,,Electrolyte Drink,60 Shoulder Press,22:00:00,,,,,,,,,,,,,,,,,,,,,,,,,,,,,,,,,,Bath,,,,,,,,,13:00:00,,,,,,,,,
,,,,,8L water,60 Single Arm Row,,,,,,,,,,,,,,,,,,,,,,,,,,,,,,,,,,,,,,,,,,,,,,,,,,,,,
,,,45845.0,132.6,Black Coffee,100 Bicep Curls,,,,,,,,,,,,,,,,,,,,,,,,,,,,,,,,,,,,,,,,,,,,,,,,,,,,,
,,,,,50 Pumpkin seeds,20 Single Arm Row,,,,,,,,,,,,,,,,,,,,,,,,,,,,,,,,,,,,,,,,,,,,,,,,,,,,,
,,,,,20 Almonds,80 Kettle Twists,,,,,,,,,,,,,,,,,,,,,,,,,,,,,,,,,,,,,,,,,,,,,,,,,,,,,
,,,,,Chicken Gravy,12600 steps,,,,,,,,,,,,,,,,,,,,,,,,,,,,,,,,,,,,,,,,,,,,,,,,,,,,,
,,,45839.0,135.2,8L water,100 Bicep Curls,,,,,,,,,,,,,,,,,,,,,,,,,,,,,,,,,,,,,,,,,,,,,,,,,,,,,
,,,,,Baby leaves,14400 steps,,,,,,,,,,,,,,,,,,,,,,,,,,,,,,,,,,,,,,,,,,,,,,,,,,,,,
,,,45956.0,129.2,2 Electrolyte Drink,60 Bicep Curls,10:00:00,,,,,,,,,,,,,,,,,Bath,,,,,,,,,,,,,,,,,,,,,,,,,,,,,,,,,,,
,,,,,2 Black Coffee,60 Shoulder Press,,,,,,,,,,,,,,,,,,Brush,,,,,,,,,,,,,,,,,,,,,,,,,,,,,,,,,,,
,,,,,Chicken Wings Gravy,60 Kettle Swings,,,,,,,,,,,,,,,,,,,,,,,,,,,,,,,,,,,,,,,,,,,,,,,,,,,,,
,,,,,Yogurt,11200 steps,,,,,,,,,,,,,,,,,,,,,,,,,,,,,,,,,,,,,,,,,,,,,,,,,,,,,
,,,45957.0,128.6,Electrolyte Drink,120 Bicep Curls,,,,,,,,,,,,,,,,,,,,,,,,,,,,,,,,,,,,,,,,,,,,,,,,,,,,,
,,,,,Black Coffee,120 Shoulder Press,,,,,,,,,,,,,,,,,,,,,,,,,,,,,,,,,,,,,,,,,,,,,,,,,,,,,
,,,45963.0,130.6,Electrolyte Drink,,11:30:00,,,,,,,,,,,,,,,,,,,,,,,,,,,120 Bicep Curls,,,,,,,,,,,,,,,,,,,,,,,,,
,,,,,Cod Liver Oil,,,,,,,,,,,,,,,,,,,,,,,,,,,,,60 Lateral Raises,,,,,,,,,,,,,,,,,,,,,,,,,
,,,,,105 Almonds,,,,,,,,,,,,,,,,,,,,,,,,,,,,,60 Single Arm Row,,,,,,,,,,,,,,,,,,,,,,,,,
,,,,,Chicken Wings Fry,,,,,,,,,,,,,,,,,,,,,,,,,,,,,60 Kettle Twists,,,,,,,,,,,,,,,,,,,,,,,,,
,,,,,Spinach,,,,,,,,,,,,,,,,,,,,,,,,,,,,,20 Kettle Swings,,,,,,,,,,,,,,,,,,,,,,,,,
,,,,,,,,,,,,,,,,,,,,,,,,,,,,,,,,,,10700 steps,,,,,,,,,,,,,,,,,,,,,,,,,
,,,45964.0,,Electrolyte Drink,,,,,,,,,,,,,,,,,,,,,,,,,,,,,120 Bicep Curls,,,,,,,,,,,,,,,,,,,,,,,,,
,,,,,60 Almonds,,,,,,,,,,,,,,,,,,,,,,,,,,,,,20 Single Arm Row,,,,,,,,,,,,,,,,,,,,,,,,,
,,,45983.0,126.4,2 Electrolyte Drink,60 Bicep Curls,07:00:00,Brush,,,,,,,,,,,,,,,,,,,,,,,,,,,,,,,,,,,,,,,,,,,,,,,,,,,
,,,,,Cod Liver Oil,60 Shoulder Press,,Bath,,,,,,,,,,,,,,,,,,,,,,,,,,,,,,,,,,,,,,,,,,,,,,,,,,,
,,,,,2 Black Coffee,60 Lateral Raises,,,,,,,,,,,,,,,,,,,,,,,,,,,,,,,,,,,,,,,,,,,,,,,,,,,,,
,,,,,70 Pumpkin Seeds,60 Single Arm Row,,,,,,,,,,,,,,,,,,,,,,,,,,,,,,,,,,,,,,,,,,,,,,,,,,,,,
,,,,,Skyr,60 Kettle Swings,,,,,,,,,,,,,,,,,,,,,,,,,,,,,,,,,,,,,,,,,,,,,,,,,,,,,
,,,,,Chicken Biryani,8000 steps,,,,,,,,,,,,,,,,,,,,,,,,,,,,,,,,,,,,,,,,,,,,,,,,,,,,,
,,,45944.0,127.2,2 Electrolyte Drink,60 Bicep Curls,,,,,,,,,,,,,,,,,,,,,,,,,,,,,,,,,,,,,,,,,,,,,,,,,,,,,
,,,,,34 Almonds,60 Kettle Twists,,,,,,,,,,,,,,,,,,,,,,,,,,,,,,,,,,,,,,,,,,,,,,,,,,,,,
,,,,,Club Tropical Soda,10000 steps,,,,,,,,,,,,,,,,,,,,,,,,,,,,,,,,,,,,,,,,,,,,,,,,,,,,,
,,,,,,60 Bicep Curls,,,,,,,,,,,,,,,,,,,,,,,,,,,,,,,,,,,,,,,,,,,,,,,,,,,,,
,,,,,,60 Shoulder Press,,,,,,,,,,,,,,,,,,,,,,,,,,,,,,,,,,,,,,,,,,,,,,,,,,,,,
,,,45898.0,,Electrolyte Drink,100 Bicep Curls,,,,,,,,,,,,,,,,,,,,,,,,,,,,,,,,,,,,,,,,,,,,,,,,,,,,,
,,,45917.0,130.6,2 Black Coffee,60 Bicep Curls,,,,,,,,,,,,,,,,,,,,,,,,,,,,,,,,,,,,,,,,,,,,,,,,,,,,,
,,,,,Fanta Zero,9000 steps,,,,,,,,,,,,,,,,,,,,,,,,,,,,,,,,,,,,,,,,,,,,,,,,,,,,,
,,,45966.0,131.2,Electrolyte Drink,120 Bicep Curls,10:45:00,,,,,,,,,,,,,,,,,Bath,,,,,,,,,,,,,,,,,,,,,,,,,,,,,,,,,,,
,,,45987.0,129.6,2 Electrolyte Drink,60 Bicep Curls,08:00:00,Brush,,,,,,,,,,,,,,,,,,,,,,,,,,,,,,,,,,,,,,,,,,,,,,,,,,,
,,,,,Cod Liver Oil,120 Shoulder Press,,Bath,,,,,,,,,,,,,,,,,,,,,,,,,,,,,,,,,,,,,,,,,,,,,,,,,,,
,,,,,Chicken Biryani,60 Single Arm Row,,,,,,,,,,,,,,,,,,,,,,,,,,,,,,,,,,,,,,,,,,,,,,,,,,,,,
,,,,,Camomile Drink,4223 steps,,,,,,,,,,,,,,,,,,,,,,,,,,,,,,,,,,,,,,,,,,,,,,,,,,,,,
,,,45988.0,129.6,Electrolyte Drink,,,,,,,,,,,,,,,,,,,,,,,,,,,,,,,,,,,,,,,,,,,,,,,,,,,,,,
,,,,,Black Coffee,,,,,,,,,,,,,,,,,,,,,,,,,,,,,,,,,,,,,,,,,,,,,,,,,,,,,,
,,,45865.0,130.8,8L water,100 Bicep Curls,,,,,,,,,,,,,,,,,,Brush,,,,,,,,,,,,,,,,,,,,,,,,,,,,,,,,,,,
,,,,,2 Black Coffee,100 Shoulder Press,,,,,,,,,,,,,,,,,,Bath,,,,,,,,,,,,,,,,,,,,,,,,,,,,,,,,,,,
,,,,,2 Electrolyte Drink,60 Single Arm Row,,,,,,,,,,,,,,,,,,,,,,,,,,,,,,,,,,,,,,,,,,,,,,,,,,,,,
,,,,,65 Almonds,100 Kettle Twists,,,,,,,,,,,,,,,,,,,,,,,,,,,,,,,,,,,,,,,,,,,,,,,,,,,,,
,,,,,Vanilla Protein Drink,6500 steps,,,,,,,,,,,,,,,,,,,,,,,,,,,,,,,,,,,,,,,,,,,,,,,,,,,,,
,,,,,Veggie Protein Snack,,,,,,,,,,,,,,,,,,,,,,,,,,,,,,,,,,,,,,,,,,,,,,,,,,,,,,
,,,,,Chicken Roasted Bites,,,,,,,,,,,,,,,,,,,,,,,,,,,,,,,,,,,,,,,,,,,,,,,,,,,,,,
,,,45953.0,130.4,3 Electrolyte Drink,120 Bicep Curls,10:00:00,,,,,,,,,,,,,,,,,,,,,,,,,,,,,,,,,,,,,,,,,,,,,,,,,,,,
,,,,,70 Almonds,60 Lateral Raises,,,,,,,,,,,,,,,,,,,,,,,,,,,,,,,,,,,,,,,,,,,,,,,,,,,,,
,,,,,Sprite Zero,10000 steps,,,,,,,,,,,,,,,,,,,,,,,,,,,,,,,,,,,,,,,,,,,,,,,,,,,,,
,,,45954.0,128.8,Electrolyte Drink,120 Bicep Curls,,,,,,,,,,,,,,,,,,,,,,,,,,,,,,,,,,,,,,,,,,,,,,,,,,,,,
,,,45895.0,130.0,3 Black Coffee,100 Bicep Curls,08:30:00,,,,,,,,,,,,,,,,,Bath,,,,,,,,,,,,,,,,,,,,,,,,,,,,,,,,,,,
,,,,,2 Electrolyte Drink,100 Shoulder Press,22:00:00,,,,,,,,,,,,,,,,,Brush,,,,,,,,,,,,,,,,,,,,,,,,,,,,,,,,,,,
,,,,,Cod Liver Oil,60 Lateral Raises,,,,,,,,,,,,,,,,,,Washed clothes,,,,,,,,,,,,,,,,,,,,,,,,,,,,,,,,,,,
,,,,,73 Almonds,60 Single Arm Row,,,,,,,,,,,,,,,,,,,,,,,,,,,,,,,,,,,,,,,,,,,,,,,,,,,,,
,,,45896.0,129.0,Black Coffee,100 Bicep Curls,08:00:00,,,,,,,,,,,,,,,,,Bath,,,,,,,,,,,,,,,,,,,,,,,,,,,,,,,,,,,
,,,,,Electrolyte Drink,100 Shoulder Press,,,,,,,,,,,,,,,,,,Brush,,,,,,,,,,,,,,,,,,,,,,,,,,,,,,,,,,,
,,,,,Bistro Salad,60 Lateral Raises,,,,,,,,,,,,,,,,,,,,,,,,,,,,,,,,,,,,,,,,,,,,,,,,,,,,,
,,,,,Achar Gohst Chicken,60 Kettle Swings,,,,,,,,,,,,,,,,,,,,,,,,,,,,,,,,,,,,,,,,,,,,,,,,,,,,,
,,,,,,7700 steps,,,,,,,,,,,,,,,,,,,,,,,,,,,,,,,,,,,,,,,,,,,,,,,,,,,,,
,,,45938.0,133.2,2 Electrolyte Drink,60 Bicep Curls,09:00:00,,,,,,,,,,,,,,,,,,,,,,,,,,,,,,,,,,,,,,,,,,,,,,,,,,,,
,,,,,70 Almonds,60 Shoulder Press,,,,,,,,,,,,,,,,,,,,,,,,,,,,,,,,,,,,,,,,,,,,,,,,,,,,,
,,,45874.0,128.6,4L water,100 Bicep Curls,,,,,,,,,,,,,,,,,,,,,,,,,,,,,,,,,,,,,,,,,,,,,,,,,,,,,
,,,,,Chicken Gravy,100 Kettle Twists,,,,,,,,,,,,,,,,,,,,,,,,,,,,,,,,,,,,,,,,,,,,,,,,,,,,,
,,,,,,20 Bicep Curls,,,,,,,,,,,,,,,,,,,,,,,,,,,,,,,,,,,,,,,,,,,,,,,,,,,,,
,,,45867.0,130.4,4L water,100 Bicep Curls,,,,,,,,,,,,,,,,,,,,,,,,,,,,,,,,,,,,,,,,,,,,,,,,,,,,,
,,,,,Electrolyte Drink,100 Lateral Raises,,,,,,,,,,,,,,,,,,,,,,,,,,,,,,,,,,,,,,,,,,,,,,,,,,,,,
,,,45868.0,,,100 Bicep Curls,,,,,,,,,,,,,,,,,,,,,,,,,,,,,,,,,,,,,,,,,,,,,,,,,,,,,
,,,,,,20 Single Arm Row,,,,,,,,,,,,,,,,,,,,,,,,,,,,,,,,,,,,,,,,,,,,,,,,,,,,,
,,,45888.0,129.8,2 Electrolyte Drink,100 Bicep Curls,08:45:00,,,,,,,,,,,,,,,,,,,,,,,,,,,,,,,,,,,,,,,,,,,,,,,,,,,,
,,,45897.0,128.6,Electrolyte Drink,100 Bicep Curls,08:30:00,,,,,,,,,,,,,,,,,Brush,,,,,,,,,,,,,,,,,,,,,,,,,,,,,,,,,,,
,,,,,Cod Liver Oil,100 Shoulder Press,,,,,,,,,,,,,,,,,,Bath,,,,,,,,,,,,,,,,,,,,,,,,,,,,,,,,,,,
,,,45969.0,128.6,2 Electrolyte Drink,60 Bicep Curls,14:30:00,,,,,,,,,,,,,,,,,Brush,,,,,,,,,,,,,,,,,,,,,,,,,,,,,,,,,,,
,,,,,Black Coffee,60 Lateral Raises,,,,,,,,,,,,,,,,,,Vaccum Stairs,,,,,,,,,,,,,,,,,,,,,,,,,,,,,,,,,,,
,,,,,20 Almonds,60 Single Arm Row,,,,,,,,,,,,,,,,,,Vaccum Washroom,,,,,,,,,,,,,,,,,,,,,,,,,,,,,,,,,,,
,,,,,Rice,4100 steps,,,,,,,,,,,,,,,,,,,,,,,,,,,,,,,,,,,,,,,,,,,,,,,,,,,,,
,,,,,Fanta Chucky,,,,,,,,,,,,,,,,,,,,,,,,,,,,,,,,,,,,,,,,,,,,,,,,,,,,,,
,,,45970.0,130.8,2 Electrolyte Drink,60 Bicep Curls,12:30:00,,,,,,,,,,,,,,,,,Bath,,,,,,,,,,,,,,,,,,,,,,,,,,,,,,,,,,,
,,,,,60 Almonds,60 Lateral Raises,,,,,,,,,,,,,,,,,,,,,,,,,,,,,,,,,,,,,,,,,,,,,,,,,,,,,
,,,,,Fanta Chucky,60 Kettle Swings,,,,,,,,,,,,,,,,,,,,,,,,,,,,,,,,,,,,,,,,,,,,,,,,,,,,,
,,,,,,5000 steps,,,,,,,,,,,,,,,,,,,,,,,,,,,,,,,,,,,,,,,,,,,,,,,,,,,,,
,,,,,,120 Bicep Curls,,,,,,,,,,,,,,,,,,,,,,,,,,,,,,,,,,,,,,,,,,,,,,,,,,,,,
,,,,,,,,,,,,,,,,,,,,,,,,,,,,,,,,,,,,,,,,,,,,,,,,,,,,Masturbation,Focus attention on acquiring wife to have sex over short term pleasure.,,,,,,
,,,,,,,,,,,,,,,,,,,,,,,,,,,,,,,,,,,,,,,,,,,,,,,,,,,,Porn,Trains mind with unnecessary hyper stimulatory activities.,,,,,,
,,,,,,,,,,,,,,,,,,,,,,,,,,,,,,,,,,,,,,,,,,,,,,,,,,,,Youtube,,,,,,,
,,,,,,,,,,,,,,,,,,,,,,,,,,,,,,,,,,,,,,,,,,,,,,,,,,,,Reddit,,,,,,,
,,,,,,,,,,,,,,,,,,,,,,,,,,,,,,,,,,,,,,,,,,,,,,,,,,,,Discord,,,,,,,
,,,,,,,,,,,,,,,,,,,,,,,,,,,,,,,,,,,,,,,,,,,,,,,,,,,,Mobile Gaming,,,,,,,
,,,,,,,,,,,,,,,,,,,,,,,,,,,,,,,,,,,,,,,,,,,,,,,,,,,,PC Gaming,,,,,,,
,,,,,,,,,,,,,,,,,,,,,,,,,,,,,,,,,,,,,,,,,,,,,,,,,,,,Switch Gaming,,,,,,,
,,,,,,,,,,,,,,,,,,,,,,,,,,,,,,,,,,,,,,,,,,,,,,,,,,,,Movies,,,,,,,
,,,,,,,,,,,,,,,,,,,,,,,,,,,,,,,,,,,,,,,,,,,,,,,,,,,,TV Series,,,,,,,
,,,,,,,,,,,,,,,,,,,,,,,,,,,,,,,,,,,,,,,,,,,,,,,,,,,,Cartoon,,,,,,,
,,,,,,,,,,,,,,,,,,,,,,,,,,,,,,,,,,,,,,,,,,,,,,,,,,,,Anime,,,,,,,
,,,,,,,,,,,,,,,,,,,,,,,,,,,,,,,,,,,,,,,,,,,,,,,,,,,,Comics,,,,,,,
,,,,,,,,,,,,,,,,,,,,,,,,,,,,,,,,,,,,,,,,,,,,,,,,,,,,Manga,,,,,,,
,,,,,,,,,,,,,,,,,,,,,,,,,,,,,,,,,,,,,,,,,,,,,,,,,,,,Alcohol,,,,,,,
,,,,,,,,,,,,,,,,,,,,,,,,,,,,,,,,,,,,,,,,,,,,,,,,,,,,Carbonated soft drinks,,,,,,,
,,,,,,,,,,,,,,,,,,,,,,,,,,,,,,,,,,,,,,,,,,,,,,,,,,,,Ultraprocessed food,,,,,,,
,,,,,,,,,,,,,,,,,,,,,,,,,,,,,,,,,,,,,,,,,,,,,,,,,,,,Stock Market Trading,,,,,,,
,,,SP,,,,,,,,,,,,,,,,,,,,,,,,,,,,,,,,,,,,,,,,,,,,,,,,,,,2387256.0,Small Auxiliary Nano Pump I,522800.0,4517 EHP,,
,,,Isk,,,,,,,,,,,,,,,,,,,,,,,,,,,,,,,,,,,,,,,,,,,,,,,,,,,216620182.0,Small Capacitor Control Circuit I,142600.0,,,
,,,,,,,,,,,,,,,,,,,,,,,,,,,,,,,,,,,,,,,,,,,,,,,,,,,,,,,Small Capacitor Control Circuit I,142600.0,,,
,,,,,,,,,,,,,,,,,,,,,,,,,,,,,,,,,,,,,,,,,,,,,,,,,,,,,,,Small Focused Modulated Pulse Energy Beam I,739000.0,,,
,,,,,,,,,,,,,,,,,,,,,,,,,,,,,,,,,,,,,,,,,,,,,,,,,,,,,,,Imperial Navy Multifrequency S,244400.0,,,
,,,,,,,,,,,,,,,,,,,,,,,,,,,,,,,,,,,,,,,,,,,,,,,,,,,,,,,1MN Monopropellant Enduring Afterburner,8298.0,,,
,,,,,,,,,,,,,,,,,,,,,,,,,,,,,,,,,,,,,,,,,,,,,,,,,,,,,,,Small Compact Pb-Acid Cap Battery,29220.0,,,
,,,,,,,,,,,,,,,,,,,,,,,,,,,,,,,,,,,,,,,,,,,,,,,,,,,,,,,Heat Sink II,1168000.0,,,
,,,,,,,,,,,,,,,,,,,,,,,,,,,,,,,,,,,,,,,,,,,,,,,,,,,,,,,Multispectrum Coating II,376400.0,,,
,,,,,,,,,,,,,,,,,,,,,,,,,,,,,,,,,,,,,,,,,,,,,,,,,,,,,,,200mm Steel Plates I,200000.0,,,
,,,,,,,,,,,,,,,,,,,,,,,,,,,,,,,300.0,,,,,,,,,,,,,,,,,,,,,,,,Small Armor Repairer II,542800.0,,,
,,,,,,,,,,,,,,,,,,,,,,,,,,,,,,,200.0,,,,,,,,,,,,,,,,,,,,,,,,,17237518.0,,,
,,,,,,,,,,,,,,,,,,,,,,,,,,,,,,,60.0,,,,,,,,,,,,,,,,,,,,,,,,,,,,
,,,,,,,,,,,,,,,,,,,,,,,,,,,,,,,60.0,,,,,,,,,,,,,,,,,,,,,,,,Gas Cloud Scoop I,,,,
,,,,,,,,,,,,,,,,,,,,,,,,,,,,,,,100.0,,,,,,,,,,,,,,,,,,,,,,,,Gas Cloud Scoop I,,,,
,,,45853.0,,,,,,,,,,,,,,,,,,,,,,,,,,,,,,,,,,,,,,,,,,,,,,,,,,,,,,,Alien: Paradiso,1-5
,,,,,,,,,,,,,,,,,,,,,,,,,,,,,,,,,,,,,,,,,,,,,,,,,,,,,,,,,,"Alien: Black, White & Blood",1-4
,,,,,,,,,,,,,,,,,,,,,,,,,,,,,,,,,,,,,,,,,,,,,,,,,,,,,,,,,,Alien 3,1-3
,,,,,,,,,,,,,,,,,,,,,,,,,,,,,,,,,,,,,,,,,,,,,,,,,,,,,,,,,,Aliens: Newt's Tale,1-2
,,,,,,,,,,,,,,,,,,,,,,,,,,,,,,,,,,,,,,,,,,,,,,,,,,,,,,,,,,Alien: Havoc,1-2
